timestamp,memory_pct,true_label,pred_threshold,pred_iso_forest,score_iso_forest,pred_ocsvm,score_ocsvm
2026-03-23 15:15:00,73.6317983039,0,0,0,0.560500290537334,0,-1.2359908700143443
2026-03-23 15:20:00,75.8258378704,0,0,0,0.5660818703815591,0,-1.256292002223556
2026-03-23 15:25:00,78.56892246,0,0,0,0.5610819150380992,0,-1.2653880759727083
2026-03-23 15:30:00,78.9262844032,0,0,0,0.5471895280451156,0,-1.2535726652543828
2026-03-23 15:35:00,80.92632022,0,0,0,0.5516451626285765,0,-1.271754383537125
2026-03-23 15:40:00,85.3193268023,0,0,0,0.5791348902375438,0,-1.1811606547916498
2026-03-23 15:45:00,87.2650017256,0,1,0,0.5773763047572319,0,-1.165906745112662
2026-03-23 15:50:00,87.459302182,0,1,0,0.5716552488902608,0,-1.1126294669143302
2026-03-23 15:55:00,77.8337576061,0,0,0,0.6109028975810633,0,-1.0994976798536056
2026-03-23 16:00:00,79.1779022226,0,0,0,0.5395601584187013,0,-1.2863368621613636
2026-03-23 16:05:00,83.9232267354,0,0,0,0.5731275159164857,0,-1.2211329940931381
2026-03-23 16:10:00,82.6019709161,0,0,0,0.5442965567746002,0,-1.2270174681787016
2026-03-23 16:15:00,81.2790938071,0,0,0,0.5424167740342206,0,-1.2316039550006237
2026-03-23 16:20:00,81.8426138752,0,0,0,0.5173746952278057,0,-1.2709514719285884
2026-03-23 16:25:00,89.4229808398,0,1,0,0.5872648498859054,0,-1.0135800037548315
2026-03-23 16:30:00,89.5396607223,0,1,0,0.543191127717529,0,-1.2032941173425717
2026-03-23 16:35:00,87.3620883737999,0,1,0,0.5488545357688518,0,-1.1516524568220055
2026-03-23 16:40:00,83.8276766037,0,0,0,0.5476228940445997,0,-1.1420287990225908
2026-03-23 16:45:00,84.357181376,0,0,0,0.5151311552117578,0,-1.2716064326512997
2026-03-23 16:50:00,88.3596584525,0,1,0,0.5607615553595238,0,-1.2170441770538603
2026-03-23 16:55:00,89.629573428,0,1,0,0.5357119299074871,0,-1.2343880819199544
2026-03-23 17:00:00,86.1670176458,0,0,0,0.5380154415425042,0,-1.130671929520743
2026-03-23 17:05:00,86.6570922262,0,1,0,0.5109293098137347,0,-1.2529740964389529
2026-03-23 17:10:00,88.2996177465,0,1,0,0.5249644769559224,0,-1.2444187611955033
2026-03-23 17:15:00,89.3799159917,0,1,0,0.5319107703971253,0,-1.2235820901993046
2026-03-23 17:20:00,87.8074768163,0,1,0,0.5445273264568621,0,-1.1631444313247157
2026-03-23 17:25:00,89.3078904571,0,1,0,0.5393557754687928,0,-1.2053006225684224
2026-03-23 17:30:00,89.3457205525,0,1,0,0.5277531824899935,0,-1.200495497480085
2026-03-23 17:35:00,91.1559594957,0,1,0,0.5483832313578607,0,-1.1961955545389187
2026-03-23 17:40:00,89.0341256071,0,1,0,0.5628023976259183,0,-1.1324560747454486
2026-03-23 17:45:00,91.2848467367,0,1,0,0.5709229713163403,0,-1.1500162262075448
2026-03-23 17:50:00,90.3135775815,0,1,0,0.5588026376973989,0,-1.145801043028533
2026-03-23 17:55:00,91.049134512,0,1,0,0.5534657531876799,0,-1.1746426231205669
2026-03-23 18:00:00,91.0048828374,0,1,0,0.547669046058291,0,-1.1531905372707254
2026-03-23 18:05:00,91.6915467539,0,1,0,0.5564709732155425,0,-1.138763216884957
2026-03-23 18:10:00,95.01182111,0,1,0,0.5819505972968843,0,-1.0738202075508154
2026-03-23 18:15:00,93.452988053,0,1,0,0.5714812814029676,0,-1.078283715917134
2026-03-23 18:20:00,92.8810436359,0,1,0,0.561093822424707,0,-1.1122622384167347
2026-03-23 18:25:00,92.8741240133999,0,1,0,0.5539938303812222,0,-1.120448275540933
2026-03-23 18:30:00,94.2032743484,0,1,0,0.5742590918793113,0,-1.105481922330182
2026-03-23 18:35:00,94.2548589153999,0,1,0,0.5617256602663191,0,-1.094998909579656
2026-03-23 18:40:00,94.2777795026,0,1,0,0.5611727682379417,0,-1.0801967693376695
2026-03-23 18:45:00,94.5058197415999,0,1,0,0.5593629924333047,0,-1.0779180686143404
2026-03-23 18:50:00,94.8623445482,0,1,0,0.5618493512498961,0,-1.0620765672844577
2026-03-23 18:55:00,94.9279061168999,0,1,0,0.566205960616143,0,-1.046169234663165
2026-03-23 19:00:00,94.6079609991,0,1,0,0.5682913017300123,0,-1.0247799072396346
2026-03-23 19:05:00,95.2733150215,0,1,0,0.5802813277228903,1,-1.0105173870686779
2026-03-23 19:10:00,59.4476106692,0,0,1,0.7149383973526308,0,-1.0840474626750216
2026-03-23 19:15:00,61.3558051870999,0,0,0,0.6324717624424616,1,-0.9901944156114411
2026-03-23 19:20:00,62.5005205612,0,0,0,0.6334422967743507,0,-1.0708747091933808
2026-03-23 19:25:00,62.20912286,0,0,0,0.6290161604427839,0,-1.1473779150868348
2026-03-23 19:30:00,64.7366182925,0,0,0,0.6461175588412158,0,-1.0410266845445022
2026-03-23 19:35:00,62.7747834545,0,0,0,0.6521546912984528,0,-1.1832240588317953
2026-03-23 19:40:00,66.5103093368,0,0,0,0.6392548718491482,1,-0.9818766322006067
2026-03-23 19:45:00,64.8269760582,0,0,0,0.631263491815061,0,-1.2215845396558287
2026-03-23 19:50:00,69.0981845687,0,0,0,0.6200563010183094,1,-0.9592573964712547
2026-03-23 19:55:00,71.1185447896,0,0,0,0.5816613270132689,0,-1.1343859886869676
2026-03-23 20:00:00,78.8182302064,0,0,0,0.5936714858314872,1,-0.9872429418415297
2026-03-23 20:05:00,81.8917082258999,0,0,0,0.5472337177817634,0,-1.18356403143058
2026-03-23 20:10:00,81.8239319541,0,0,0,0.5375834981692461,0,-1.1391664093697744
2026-03-23 20:15:00,81.9903631805,0,0,0,0.5496590544815565,0,-1.156059954309657
2026-03-23 20:20:00,81.8193012113,0,0,0,0.5373204950161237,0,-1.1620688019189844
2026-03-23 20:25:00,71.9275154179,0,0,0,0.6001759912543274,0,-1.198325944359829
2026-03-23 20:30:00,71.9874607539,0,0,0,0.5061673828746497,0,-1.3168357693747617
2026-03-23 20:35:00,72.0188268834,0,0,0,0.4981625797598348,0,-1.3126735577629334
2026-03-23 20:40:00,71.9917524034,0,0,0,0.49184954706072004,0,-1.3059766226092755
2026-03-23 20:45:00,71.9984494958999,0,0,0,0.48767519328814224,0,-1.2910632826249426
2026-03-23 20:50:00,62.9371137714,0,0,0,0.5860043761773229,0,-1.2223191421588202
2026-03-23 20:55:00,62.8630536771,0,0,0,0.5094426375823132,0,-1.2493980941770322
2026-03-23 21:00:00,62.7889829860999,0,0,0,0.5100082019770977,0,-1.285593315651749
2026-03-23 21:05:00,62.8996333659999,0,0,0,0.5133629977531535,0,-1.2995933722377369
2026-03-23 21:10:00,62.8998664926,0,0,0,0.5023607401733922,0,-1.3017503276561073
2026-03-23 21:15:00,62.7655961456,0,0,0,0.4854874785838406,0,-1.2951956868317105
2026-03-23 21:20:00,62.8575646044,0,0,0,0.46866049286732187,0,-1.2823213286173336
2026-03-23 21:25:00,62.5213747986,0,0,0,0.4756217756868909,0,-1.2864180792194237
2026-03-23 21:30:00,62.5313038741,0,0,0,0.4674651918156702,0,-1.2858095976973167
2026-03-23 21:35:00,55.8232226134,0,0,0,0.5574299151971221,0,-1.0531056647749568
2026-03-23 21:40:00,55.3955411987,0,0,0,0.48507508560392787,0,-1.257693567251597
2026-03-23 21:45:00,55.481098675,0,0,0,0.46146852036497527,0,-1.2649890322945048
2026-03-23 21:50:00,53.4901442005,0,0,0,0.521976596358374,0,-1.2292939940833618
2026-03-23 21:55:00,53.1336087972,0,0,0,0.4956396097988679,0,-1.2464320180413737
2026-03-23 22:00:00,53.1691394162,0,0,0,0.4805578261499403,0,-1.2405015482841244
2026-03-23 22:05:00,53.1937448732,0,0,0,0.4771524086324054,0,-1.240624152253074
2026-03-23 22:10:00,53.1328670305999,0,0,0,0.473277440400043,0,-1.242308530973118
2026-03-23 22:15:00,53.2102438812,0,0,0,0.47347764932201103,0,-1.2445757891187241
2026-03-23 22:20:00,53.1927487866999,0,0,0,0.46693882503728285,0,-1.2532261750869267
2026-03-23 22:25:00,53.140199923,0,0,0,0.45049809612019487,0,-1.2588770656815458
2026-03-23 22:30:00,53.3063556361999,0,0,0,0.42924496923676403,0,-1.2244669746164836
2026-03-23 22:35:00,53.1551942046,0,0,0,0.41940288412663745,0,-1.2134107545526862
2026-03-23 22:40:00,53.2078490348,0,0,0,0.40848844623447117,0,-1.200769088366003
2026-03-23 22:45:00,53.129433711,0,0,0,0.3884775075324112,0,-1.1586000692376748
2026-03-23 22:50:00,53.1297304177,0,0,0,0.38959035596775504,0,-1.1542976074177829
2026-03-23 22:55:00,53.2046064552,0,0,0,0.39029956390725923,0,-1.1545264637144919
2026-03-23 23:00:00,53.2482647166,0,0,0,0.38932685361551794,0,-1.155104906903376
2026-03-23 23:05:00,53.1548551113,0,0,0,0.39401106880541437,0,-1.1545132810334748
2026-03-23 23:10:00,53.227887329,0,0,0,0.39003558187692594,0,-1.1549308688556856
2026-03-23 23:15:00,53.1958324163,0,0,0,0.38952163476166846,0,-1.154772266751162
2026-03-23 23:20:00,53.1802129315,0,0,0,0.3899262893640541,0,-1.1547242106894644
2026-03-23 23:25:00,53.1692453828,0,0,0,0.389791546685732,0,-1.1545236310838587
2026-03-23 23:30:00,53.2514543127999,0,0,0,0.39003558187692594,0,-1.1540170826328122
2026-03-23 23:35:00,53.2017877422,0,0,0,0.3900510389497639,0,-1.153701141859261
2026-03-23 23:40:00,53.160026284,0,0,0,0.38952163476166846,0,-1.1535531561252474
2026-03-23 23:45:00,53.1211895054,0,0,0,0.38952163476166846,0,-1.1534561767846685
2026-03-23 23:50:00,53.1011194210999,0,0,0,0.3901901974235479,0,-1.153726778949637
2026-03-23 23:55:00,53.1305463609,0,0,0,0.38959035596775504,0,-1.154035903234586
2026-03-24 00:00:00,53.1439087559,0,0,0,0.38959035596775504,0,-1.153691651620331
2026-03-24 00:05:00,53.0726779712999,0,0,0,0.39351321671095246,0,-1.1538781943357794
2026-03-24 00:10:00,53.2511999929,0,0,0,0.39873445192982676,0,-1.1546549355728917
2026-03-24 00:15:00,53.1246652115999,0,0,0,0.39543202588635,0,-1.1541770437097036
2026-03-24 00:20:00,53.1269117047,0,0,0,0.3893278320465409,0,-1.154538191277872
2026-03-24 00:25:00,53.1498746785,0,0,0,0.3893278320465409,0,-1.154629869839549
2026-03-24 00:30:00,53.1908413869,0,0,0,0.38959035596775504,0,-1.1541543149505853
2026-03-24 00:35:00,53.1627072403,0,0,0,0.3894763053792862,0,-1.1537512322617183
2026-03-24 00:40:00,53.3812740603999,0,0,0,0.40018358316855834,0,-1.1572839937321486
2026-03-24 00:45:00,53.4083909271,0,0,0,0.3863131194380839,0,-1.16035219009023
2026-03-24 00:50:00,53.3410385218999,0,0,0,0.3895437171426718,0,-1.1604207491976655
2026-03-24 00:55:00,53.392527719,0,0,0,0.38684556220713484,0,-1.1615808532915612
2026-03-24 01:00:00,53.3300073933,0,0,0,0.3883108067277589,0,-1.161286234054591
2026-03-24 01:05:00,53.263513318,0,0,0,0.3884775075324112,0,-1.1599467539164363
2026-03-24 01:10:00,53.5510750264,0,0,0,0.40661432778950746,0,-1.162496488687474
2026-03-24 01:15:00,53.3361428625,0,0,0,0.40460205359876833,0,-1.161259568945858
2026-03-24 01:20:00,53.2578546987,0,0,0,0.38895995207453415,0,-1.1607584188189841
2026-03-24 01:25:00,53.3118447088,0,0,0,0.3866479763095182,0,-1.160166996694951
2026-03-24 01:30:00,53.2537855792,0,0,0,0.38696130800831546,0,-1.1593344314666167
2026-03-24 01:35:00,53.2442061937,0,0,0,0.38566000804909345,0,-1.1584900864787475
2026-03-24 01:40:00,53.2758054499,0,0,0,0.387936700533915,0,-1.1586804073839847
2026-03-24 01:45:00,53.4619994572,0,0,0,0.39772981776744637,0,-1.1595061874759505
2026-03-24 01:50:00,53.9700671754,0,0,0,0.41698509422719243,0,-1.1672084204410578
2026-03-24 01:55:00,53.5356674748999,0,0,0,0.41798049756349426,0,-1.166733706392112
2026-03-24 02:00:00,53.5569985622999,0,0,0,0.3871095918921267,0,-1.1707598080896515
2026-03-24 02:05:00,53.4928463500999,0,0,0,0.3889292971962351,0,-1.1700670219285756
2026-03-24 02:10:00,53.5126091311,0,0,0,0.3871095918921267,0,-1.1701279357937382
2026-03-24 02:15:00,53.4712715394,0,0,0,0.3885313504381411,0,-1.1697774835989665
2026-03-24 02:20:00,53.4236925119,0,0,0,0.3899320881809495,0,-1.1689268233827563
2026-03-24 02:25:00,53.5058802486,0,0,0,0.38868417045081,0,-1.1689070436740374
2026-03-24 02:30:00,53.5411777409,0,0,0,0.3878355384836489,0,-1.1682042968865913
2026-03-24 02:35:00,53.5042165721,0,0,0,0.3891297846617327,0,-1.1665172487859408
2026-03-24 02:40:00,53.4822602813999,0,0,0,0.3905415766678786,0,-1.1649408265795436
2026-03-24 02:45:00,53.5518167929999,0,0,0,0.3893105568422398,0,-1.1650937077256105
2026-03-24 02:50:00,53.5166782506,0,0,0,0.39140045585545324,0,-1.1561647262242933
2026-03-24 02:55:00,53.4984519861,0,0,0,0.3918070622713835,0,-1.1560398341702678
2026-03-24 03:00:00,53.5090168615,0,0,0,0.39040523833885826,0,-1.155788824766152
2026-03-24 03:05:00,53.5458826604,0,0,0,0.39040523833885826,0,-1.156180424265615
2026-03-24 03:10:00,53.5342263285,0,0,0,0.39167166967438244,0,-1.156218150238011
2026-03-24 03:15:00,53.4481602123,0,0,0,0.3960429962999408,0,-1.1558932205595496
2026-03-24 03:20:00,53.6040477566,0,0,0,0.394978762967737,0,-1.156569609245749
2026-03-24 03:25:00,53.5607815718999,0,0,0,0.39219465460448794,0,-1.1567654066250321
2026-03-24 03:30:00,53.5499093932,0,0,0,0.3924664187489789,0,-1.1568361208079148
2026-03-24 03:35:00,53.5239581597,0,0,0,0.3918837812377935,0,-1.1566788271388944
2026-03-24 03:40:00,53.5079465983,0,0,0,0.39385133975196474,0,-1.1564674879066774
2026-03-24 03:45:00,53.5351270449999,0,0,0,0.39244220171672684,0,-1.1565653161553686
2026-03-24 03:50:00,53.5604636719,0,0,0,0.39244220171672684,0,-1.1567728040839471
2026-03-24 03:55:00,53.5377974047,0,0,0,0.39385133975196474,0,-1.1565309932708117
2026-03-24 04:00:00,54.2470957984,0,0,0,0.42151852224565467,0,-1.1653247725441411
2026-03-24 04:05:00,53.7446761029,0,0,0,0.42134324530189,0,-1.1675618654724293
2026-03-24 04:10:00,53.7426097531,0,0,0,0.3884057141240971,0,-1.1725876618030144
2026-03-24 04:15:00,53.7034338812,0,0,0,0.39154519289623274,0,-1.1718651581365047
2026-03-24 04:20:00,53.6743672280999,0,0,0,0.39123483432581463,0,-1.1717526908224116
2026-03-24 04:25:00,53.7764766957,0,0,0,0.3889115849908847,0,-1.1721627895995173
2026-03-24 04:30:00,53.7256444918,0,0,0,0.3895727982883792,0,-1.17176802910599
2026-03-24 04:35:00,53.7509387320999,0,0,0,0.38743345650628985,0,-1.1714936157486437
2026-03-24 04:40:00,53.7357007272999,0,0,0,0.38774307275879,0,-1.1706112782210638
2026-03-24 04:45:00,53.7475689925,0,0,0,0.38667153412203886,0,-1.169892846898083
2026-03-24 04:50:00,53.9126968291,0,0,0,0.3932223350997483,0,-1.1699069046204584
2026-03-24 04:55:00,53.6848049435,0,0,0,0.4051028146198857,0,-1.1671427582513014
2026-03-24 05:00:00,53.8281036494,0,0,0,0.39146675837248435,0,-1.1606418633846822
2026-03-24 05:05:00,53.7312819178,0,0,0,0.3966741725668936,0,-1.1602508109399852
2026-03-24 05:10:00,53.8414236578,0,0,0,0.38911257782657543,0,-1.161306428720994
2026-03-24 05:15:00,53.7921067771,0,0,0,0.3881303008065407,0,-1.1610030450034656
2026-03-24 05:20:00,53.754583985,0,0,0,0.3910423095516812,0,-1.160376473382978
2026-03-24 05:25:00,53.7637818905,0,0,0,0.38835878560519244,0,-1.1605039424728016
2026-03-24 05:30:00,53.7944698335,0,0,0,0.3858094981015957,0,-1.1605245267506867
2026-03-24 05:35:00,53.7525282319,0,0,0,0.3898361611483585,0,-1.1602832836181913
2026-03-24 05:40:00,53.76781922,0,0,0,0.3871609143832496,0,-1.1603367691332802
2026-03-24 05:45:00,53.7330727543,0,0,0,0.3898361611483585,0,-1.1602213258139424
2026-03-24 05:50:00,53.7174850595,0,0,0,0.39099582058008403,0,-1.1588847989912545
2026-03-24 05:55:00,53.7990687861999,0,0,0,0.38845634690262165,0,-1.158661839951357
2026-03-24 06:00:00,53.7895317874,0,0,0,0.38797950626221694,0,-1.1583358124427507
2026-03-24 06:05:00,53.797998523,0,0,0,0.38752625074980634,0,-1.158296656038277
2026-03-24 06:10:00,53.7776317322,0,0,0,0.39048939160051815,0,-1.1575542566121026
2026-03-24 06:15:00,53.8103754282,0,0,0,0.3885374525209199,0,-1.1579138606897936
2026-03-24 06:20:00,53.8615997086,0,0,0,0.3863309474356371,0,-1.1589710940895452
2026-03-24 06:25:00,53.8029789557999,0,0,0,0.38774972113757267,0,-1.1586433116241013
2026-03-24 06:30:00,54.1494581236,0,0,0,0.40943482669558057,0,-1.1648288375831564
2026-03-24 06:35:00,53.7386042136,0,0,0,0.41715055900441983,0,-1.1617672263769043
2026-03-24 06:40:00,53.8593744088999,0,0,0,0.38759140106288825,0,-1.165533254336875
2026-03-24 06:45:00,53.8194673671,0,0,0,0.3859861480726108,0,-1.1651978172139787
2026-03-24 06:50:00,53.8288983992999,0,0,0,0.3850066670366059,0,-1.164876642476612
2026-03-24 06:55:00,53.804112799,0,0,0,0.38559021992158354,0,-1.1647394852581705
2026-03-24 07:00:00,53.8275420261,0,0,0,0.3850066670366059,0,-1.16481871716301
2026-03-24 07:05:00,53.8219151968,0,0,0,0.3854569756126354,0,-1.1647405341065462
2026-03-24 07:10:00,53.8603493021,0,0,0,0.3850066670366059,0,-1.164774380247555
2026-03-24 07:15:00,53.8217562468,0,0,0,0.3859861480726108,0,-1.1645336636847177
2026-03-24 07:20:00,53.7739758826,0,0,0,0.38651074713233047,0,-1.164515211290923
2026-03-24 07:25:00,53.8767953268,0,0,0,0.38679237865278726,0,-1.1649259044252698
2026-03-24 07:30:00,53.8039644456,0,0,0,0.38873278451521937,0,-1.1588954218590901
2026-03-24 07:35:00,53.831282649,0,0,0,0.387092011695485,0,-1.1583589258621545
2026-03-24 07:40:00,54.1887823488,0,0,0,0.40866620039775114,0,-1.164855703550019
2026-03-24 07:45:00,54.1717217175999,0,0,0,0.38582789513654436,0,-1.1694725892094608
2026-03-24 07:50:00,54.3330877379,0,0,0,0.39104681566216304,0,-1.1739630109068384
2026-03-24 07:55:00,54.1270355797,0,0,0,0.4022008843143819,0,-1.1730333187634367
2026-03-24 08:00:00,54.1575539759999,0,0,0,0.3858196187774802,0,-1.1745606865158469
2026-03-24 08:05:00,54.1501469069,0,0,0,0.3862708781919554,0,-1.1744909986152487
2026-03-24 08:10:00,54.1518423733,0,0,0,0.3858196187774802,0,-1.1744277378616614
2026-03-24 08:15:00,54.1695811912,0,0,0,0.3858196187774802,0,-1.173873539109186
2026-03-24 08:20:00,54.1147752377999,0,0,0,0.3875501240926964,0,-1.1716690848754934
2026-03-24 08:25:00,54.4039158493,0,0,0,0.4057360016816751,0,-1.1723942980856632
2026-03-24 08:30:00,54.2278310608,0,0,0,0.3952232743930849,0,-1.1693648783969794
2026-03-24 08:35:00,54.225605761,0,0,0,0.3829496439384809,0,-1.165837526645851
2026-03-24 08:40:00,54.2921316263,0,0,0,0.382832386441447,0,-1.1664324331307976
2026-03-24 08:45:00,54.2247686244999,0,0,0,0.3858886186259207,0,-1.1659875939725846
2026-03-24 08:50:00,54.1659571315999,0,0,0,0.3863005197558494,0,-1.1651895343266643
2026-03-24 08:55:00,54.176522007,0,0,0,0.38457559422712373,0,-1.1651636742270632
2026-03-24 09:00:00,54.1394972581999,0,0,0,0.3857762060312332,0,-1.1650751325735376
2026-03-24 09:05:00,54.1266329064,0,0,0,0.38502539861504526,0,-1.1652607068082186
2026-03-24 09:10:00,54.1827952329,0,0,0,0.38457559422712373,0,-1.1654171943308238
2026-03-24 09:15:00,54.2010744806999,0,0,0,0.382832386441447,0,-1.1654376594033984
2026-03-24 09:20:00,54.2073159165999,0,0,0,0.382832386441447,0,-1.1650024600304791
2026-03-24 09:25:00,54.1824667362999,0,0,0,0.38746160557431464,0,-1.162208035438735
2026-03-24 09:30:00,54.1483666671,0,0,0,0.38746160557431464,0,-1.16215880280071
2026-03-24 09:35:00,54.1554028529,0,0,0,0.3868752205311541,0,-1.1622325219309644
2026-03-24 09:40:00,54.1684049613,0,0,0,0.3871370635807293,0,-1.160867592595746
2026-03-24 09:45:00,54.1880193889,0,0,0,0.38900719046011595,0,-1.160567393377076
2026-03-24 09:50:00,54.173576134,0,0,0,0.39009722859071533,0,-1.1604928502984966
2026-03-24 09:55:00,54.1553816595999,0,0,0,0.39009722859071533,0,-1.1604770888265625
2026-03-24 10:00:00,54.1652471549999,0,0,0,0.3895068547912653,0,-1.160429471814098
2026-03-24 10:05:00,54.1894499388,0,0,0,0.38900719046011595,0,-1.1601616506492693
2026-03-24 10:10:00,54.1769246803,0,0,0,0.3899624268427438,0,-1.1600839518065666
2026-03-24 10:15:00,54.3972293534999,0,0,0,0.3970166324805978,0,-1.1646464242176453
2026-03-24 10:20:00,54.4676971782,0,0,0,0.38130112320063586,0,-1.1686961825492133
2026-03-24 10:25:00,54.3510384891,0,0,0,0.39117466136659795,0,-1.1685364133740752
2026-03-24 10:30:00,54.3824046186,0,0,0,0.3840120336134357,0,-1.1696089706679655
2026-03-24 10:35:00,54.5870792104,0,0,0,0.39588388969460186,0,-1.1725380291146765
2026-03-24 10:40:00,54.3333420579,0,0,0,0.40398274284785785,0,-1.1703988023571914
2026-03-24 10:45:00,54.3365952342,0,0,0,0.381977902198221,0,-1.1716525425953734
2026-03-24 10:50:00,54.387332068,0,0,0,0.3807997124586782,0,-1.1714130410861137
2026-03-24 10:55:00,54.3981194733999,0,0,0,0.3807997124586782,0,-1.1705674945119782
2026-03-24 11:00:00,54.3870353614,0,0,0,0.38088885155551316,0,-1.169322433040529
2026-03-24 11:05:00,54.3916661042,0,0,0,0.3796299332211135,0,-1.1680699404086574
2026-03-24 11:10:00,54.3562520485,0,0,0,0.3820486477769098,0,-1.1657129840594804
2026-03-24 11:15:00,53.7154822897,0,0,0,0.4226068862123219,0,-1.1674283224192283
2026-03-24 11:20:00,53.6703087052,0,0,0,0.40004110131696136,0,-1.180592071618583
2026-03-24 11:25:00,53.7473888491999,0,0,0,0.40372271626867756,0,-1.18379014325198
2026-03-24 11:30:00,53.7463185859999,0,0,0,0.40244417224640683,0,-1.1855854190682562
2026-03-24 11:35:00,53.7290248281,0,0,0,0.4035594197928198,0,-1.1849413163054272
2026-03-24 11:40:00,53.7098342671,0,0,0,0.4035594197928198,0,-1.1853919575808591
2026-03-24 11:45:00,53.6689417354,0,0,0,0.40663485757508067,0,-1.1852534172993712
2026-03-24 11:50:00,53.7080222373,0,0,0,0.4029891173046674,0,-1.184149014178853
2026-03-24 11:55:00,53.6980507752,0,0,0,0.40294904373128776,0,-1.1817357144325156
2026-03-24 12:00:00,53.730073898,0,0,0,0.3934586090443716,0,-1.178227025789814
2026-03-24 12:05:00,53.7033385112,0,0,0,0.39071268564947875,0,-1.1721350116947205
2026-03-24 12:10:00,53.7557178282,0,0,0,0.3917414814865948,0,-1.1585942746850073
2026-03-24 12:15:00,53.6728836948999,0,0,0,0.3952627937942918,0,-1.1582007866455282
2026-03-24 12:20:00,53.8888649286,0,0,0,0.39952790161255275,0,-1.1610668002053965
2026-03-24 12:25:00,53.7667807468,0,0,0,0.3951613301675751,0,-1.1607871641796936
2026-03-24 12:30:00,53.8313038423,0,0,0,0.3860909268474495,0,-1.1620384542394173
2026-03-24 12:35:00,53.7683808433,0,0,0,0.38948984641258244,0,-1.1616779682255949
2026-03-24 12:40:00,53.8068467386,0,0,0,0.3860909268474495,0,-1.1621513966873156
2026-03-24 12:45:00,53.7611009342,0,0,0,0.389785006402645,0,-1.1614261315591659
2026-03-24 12:50:00,53.8077898418,0,0,0,0.38700318805778444,0,-1.1616814367994017
2026-03-24 12:55:00,53.8597452922,0,0,0,0.3855634550179894,0,-1.1620300811854307
2026-03-24 13:00:00,53.8145081277,0,0,0,0.3869794101570687,0,-1.1616408945520214
2026-03-24 13:05:00,53.8348431286,0,0,0,0.3855634550179894,0,-1.1614441617388407
2026-03-24 13:10:00,53.8459272405,0,0,0,0.3855634550179894,0,-1.1614981316829622
2026-03-24 13:15:00,53.8159280809,0,0,0,0.3869764956568609,0,-1.1597513159633672
2026-03-24 13:20:00,53.8281566327,0,0,0,0.386084571807076,0,-1.1592464430446758
2026-03-24 13:25:00,53.8245113798,0,0,0,0.386084571807076,0,-1.1589407935027798
2026-03-24 13:30:00,53.8633799484,0,0,0,0.386084571807076,0,-1.1593750474635878
2026-03-24 13:35:00,54.4729425276,0,0,0,0.41496649993303675,0,-1.1690959822027351
2026-03-24 13:40:00,55.1224545353,0,0,0,0.43149262426635226,0,-1.1867630629592643
2026-03-24 13:45:00,56.7272453301,0,0,0,0.4454062938617062,0,-1.1828692410826054
2026-03-24 13:50:00,59.0008764502,0,0,0,0.4664106690249193,0,-1.1719404358060235
2026-03-24 13:55:00,61.1436175596,0,0,0,0.470398317500216,0,-1.1948114638753011
2026-03-24 14:00:00,62.2783826649,0,0,0,0.4619014870701379,0,-1.2421576551772269
2026-03-24 14:05:00,64.2955638862,0,0,0,0.47476714193251335,0,-1.2011171669958414
2026-03-24 14:10:00,66.7237579674999,0,0,0,0.48969335039105044,0,-1.1771261971853013
2026-03-24 14:15:00,69.3068011199999,0,0,0,0.502634040346461,0,-1.1717349763224942
2026-03-24 14:20:00,70.4728369848,0,0,0,0.5015834511224977,0,-1.2003399954874394
2026-03-24 14:25:00,72.2790068084,0,0,0,0.5213363744765034,0,-1.208417619373744
2026-03-24 14:30:00,74.165425179,0,0,0,0.5277799559922141,0,-1.2212251259467617
2026-03-24 14:35:00,74.1582194465,0,0,0,0.5208203540840507,0,-1.2271815647602669
2026-03-24 14:40:00,76.9031266627,0,0,0,0.5338536303231403,0,-1.2634121208596352
2026-03-24 14:45:00,77.3284344243,0,0,0,0.5216364137567763,0,-1.265287673424535
2026-03-24 14:50:00,81.1834059187,0,0,0,0.5457234882290299,0,-1.2759438418493756
2026-03-24 14:55:00,85.0699978626,0,0,0,0.5457441524315404,0,-1.2485386078319929
2026-03-24 15:00:00,86.2644327907,0,0,0,0.5298690689918203,0,-1.233324176874265
2026-03-24 15:05:00,88.1968512855999,0,1,0,0.5414399155012158,0,-1.2200881661915757
2026-03-24 15:10:00,88.4421217025,0,1,0,0.5335404226108048,0,-1.1881202057025693
2026-03-24 15:15:00,88.0369158151,0,1,0,0.5402458199527373,0,-1.1850541570261466
2026-03-24 15:20:00,89.0738207156,0,1,0,0.5468308362796602,0,-1.2278654956434585
2026-03-24 15:25:00,72.1950282353,0,0,0,0.6525903838253778,0,-1.204174632420983
2026-03-24 15:30:00,74.099492727,0,0,0,0.5282233310191939,0,-1.2440641066857372
2026-03-24 15:35:00,73.348655405,0,0,0,0.5351695017267944,0,-1.2245472742612502
2026-03-24 15:40:00,75.03403384,0,0,0,0.5325231207313181,0,-1.2616117591199485
2026-03-24 15:45:00,76.6387080714999,0,0,0,0.5274658307657564,0,-1.2760232669282234
2026-03-24 15:50:00,78.1398210922,0,0,0,0.5263310703365844,0,-1.2868311966572252
2026-03-24 15:55:00,79.3860525206,0,0,0,0.5247894694852928,0,-1.297383413185342
2026-03-24 16:00:00,85.9348553041,0,0,0,0.5672377176331701,0,-1.2140788643140357
2026-03-24 16:05:00,86.0253296331,0,0,0,0.5282554197576947,0,-1.2491972141995242
2026-03-24 16:10:00,85.9852636413,0,0,0,0.5238727650323785,0,-1.2597150724041415
2026-03-24 16:15:00,85.3289697678,0,0,0,0.5219503652874136,0,-1.2600809645285693
2026-03-24 16:20:00,86.9619900792,0,1,0,0.5243631254242456,0,-1.3082154669827506
2026-03-24 16:25:00,77.2353215256,0,0,0,0.6056043381330527,0,-1.2206004268686181
2026-03-24 16:30:00,79.5043007095999,0,0,0,0.5127790488507391,0,-1.319119493749447
2026-03-24 16:35:00,79.8079269627,0,0,0,0.5011023595841312,0,-1.3208369161509612
2026-03-24 16:40:00,82.3484668903,0,0,0,0.5086653579297135,0,-1.3274968725516612
2026-03-24 16:45:00,83.2452838745999,0,0,0,0.5001628562282779,0,-1.3405784422312497
2026-03-24 16:50:00,84.4529434409999,0,0,0,0.5025638460854277,0,-1.3419053222299457
2026-03-24 16:55:00,86.552312399,0,0,0,0.5105113169108585,0,-1.339719784240143
2026-03-24 17:00:00,84.0118996313,0,0,0,0.533315203802353,0,-1.280342450432519
2026-03-24 17:05:00,84.0820601528,0,0,0,0.5017074846561196,0,-1.3312171025939616
2026-03-24 17:10:00,87.538406289,0,1,0,0.5295472760057862,0,-1.3152545853530568
2026-03-24 17:15:00,87.6228299221,0,1,0,0.5055898882911574,0,-1.3356868965562383
2026-03-24 17:20:00,87.8656842992,0,1,0,0.5064952348961717,0,-1.3366986436287442
2026-03-24 17:25:00,88.6500494705,0,1,0,0.5062331138468141,0,-1.334623543168607
2026-03-24 17:30:00,89.3089289304,0,1,0,0.509749145846925,0,-1.3244116756609563
2026-03-24 17:35:00,84.5768714426,0,0,0,0.5545688680470104,0,-1.173372201302744
2026-03-24 17:40:00,85.4048736819,0,0,0,0.4979508676097176,0,-1.2895390152134911
2026-03-24 17:45:00,88.0655586016,0,1,0,0.5216096902943667,0,-1.264608644925326
2026-03-24 17:50:00,87.7998472172,0,1,0,0.5095129785014815,0,-1.2753343089858429
2026-03-24 17:55:00,89.2956195186,0,1,0,0.518229528400629,0,-1.2842569659191359
2026-03-24 18:00:00,88.423672908,0,1,0,0.5287612480596824,0,-1.2535175213030718
2026-03-24 18:05:00,88.6086165089,0,1,0,0.5189739203401713,0,-1.2471226788645264
2026-03-24 18:10:00,89.810808196,0,1,0,0.527543619425564,0,-1.2519905174844927
2026-03-24 18:15:00,87.6112265735,0,1,0,0.5441261686790095,0,-1.1993330207286812
2026-03-24 18:20:00,89.2483583911,0,1,0,0.5293647760304292,0,-1.250683705981358
2026-03-24 18:25:00,88.6866397559999,0,1,0,0.5212937174689907,0,-1.243181823984909
2026-03-24 18:30:00,89.0198518988,0,1,0,0.5176778115350322,0,-1.2533832682395223
2026-03-24 18:35:00,89.7025102758,0,1,0,0.5376835665747829,0,-1.222401857565239
2026-03-24 18:40:00,92.1922815796,0,1,0,0.5633257926601217,0,-1.184997931715124
2026-03-24 18:45:00,90.944725568,0,1,0,0.5567571306882146,0,-1.1775995074796788
2026-03-24 18:50:00,90.9991818314,0,1,0,0.5422667567319964,0,-1.2040257841289101
2026-03-24 18:55:00,92.5295734386,0,1,0,0.5576957926877049,0,-1.2089113719269549
2026-03-24 19:00:00,91.8838232472,0,1,0,0.5522117625794211,0,-1.1905997372017014
2026-03-24 19:05:00,92.4026571774,0,1,0,0.5451820985584638,0,-1.203885314467513
2026-03-24 19:10:00,91.3812975849,0,1,0,0.5587194394310578,0,-1.1821033240717054
2026-03-24 19:15:00,92.0337236756,0,1,0,0.5546829336332405,0,-1.1899558716655627
2026-03-24 19:20:00,93.0776329719,0,1,0,0.5636580459954905,0,-1.1783728789798615
2026-03-24 19:25:00,94.0287366729,0,1,0,0.5667172242817706,0,-1.1577642246442013
2026-03-24 19:30:00,93.241319662,0,1,0,0.5731741324278569,0,-1.1180991752011429
2026-03-24 19:35:00,93.3420091765,0,1,0,0.5634407714776511,0,-1.1186523075801529
2026-03-24 19:40:00,93.6881280577,0,1,0,0.5688011354035424,0,-1.1220226794345116
2026-03-24 19:45:00,58.6867700951,0,0,1,0.7111605843315137,0,-1.1779195383339887
2026-03-24 19:50:00,60.1934039785,0,0,0,0.6092854639581277,0,-1.1122162322762779
2026-03-24 19:55:00,66.2662363431,0,0,0,0.6517257444859031,1,-0.7427050853867121
2026-03-24 20:00:00,65.4116470704,0,0,0,0.6383277153175663,0,-1.198939842332535
2026-03-24 20:05:00,65.5778557669,0,0,0,0.6299733202525244,0,-1.2278124571854394
2026-03-24 20:10:00,65.3419210122,0,0,0,0.6267150362134749,0,-1.2571085482108917
2026-03-24 20:15:00,59.8316444191,0,0,0,0.6678657970460979,0,-1.1720849573881122
2026-03-24 20:20:00,59.7732567929,0,0,0,0.6205198418510298,0,-1.3732736602427813
2026-03-24 20:25:00,59.8580407126,0,0,0,0.6061796717468236,0,-1.3572014869901667
2026-03-24 20:30:00,59.8248625532999,0,0,0,0.5556479721593085,0,-1.3294707018391272
2026-03-24 20:35:00,59.8785876468,0,0,0,0.5049103729233054,0,-1.2991402352861245
2026-03-24 20:40:00,60.0017632851,0,0,0,0.43089445796813886,0,-1.2827844380115376
2026-03-24 20:45:00,59.8999187342,0,0,0,0.43214920987391825,0,-1.2804785782717414
2026-03-24 20:50:00,59.9490872615,0,0,0,0.4309930047170871,0,-1.2803280923210982
2026-03-24 20:55:00,59.9120307227,0,0,0,0.4244850856476394,0,-1.275772180329234
2026-03-24 21:00:00,58.3653096542,0,0,0,0.4577034565608022,0,-1.2470651082616186
2026-03-24 21:05:00,55.4823914682,0,0,0,0.488283896155528,0,-1.171978162123997
2026-03-24 21:10:00,54.559761007,0,0,0,0.46535336210984907,0,-1.2431878851337053
2026-03-24 21:15:00,54.5871851769999,0,0,0,0.430241582212232,0,-1.2631801052763865
2026-03-24 21:20:00,53.885813089,0,0,0,0.4595980419758652,0,-1.263432721613064
2026-03-24 21:25:00,53.6872421765,0,0,0,0.45676654656157556,0,-1.2669372951374291
2026-03-24 21:30:00,53.6778641275999,0,0,0,0.4445252056145317,0,-1.266705544841319
2026-03-24 21:35:00,53.7869885877,0,0,0,0.4481470557104709,0,-1.266801205501265
2026-03-24 21:40:00,53.9432364187,0,0,0,0.4520717564727901,0,-1.2674039645603754
2026-03-24 21:45:00,53.9172110085,0,0,0,0.43787686492573585,0,-1.2674724738629846
2026-03-24 21:50:00,53.9347378931,0,0,0,0.43586666461148876,0,-1.2612750719055326
2026-03-24 21:55:00,53.4314810609,0,0,0,0.4471610596245103,0,-1.2351802859973415
2026-03-24 22:00:00,53.1661829466,0,0,0,0.4225727473396766,0,-1.1953834612957532
2026-03-24 22:05:00,53.1118114565,0,0,0,0.4018895856917708,0,-1.184650345492026
2026-03-24 22:10:00,53.1507859918,0,0,0,0.4016324958677967,0,-1.1823015070463632
2026-03-24 22:15:00,53.1260427781,0,0,0,0.4007830657351526,0,-1.176135450244198
2026-03-24 22:20:00,53.2724675003,0,0,0,0.4070288845142647,0,-1.1758351659061244
2026-03-24 22:25:00,53.1763133587,0,0,0,0.40313991711691877,0,-1.1762630858350733
2026-03-24 22:30:00,53.1404118564,0,0,0,0.4026579716772757,0,-1.1764724207420783
2026-03-24 22:35:00,53.1761226186999,0,0,0,0.40016159275164026,0,-1.1755233446451234
2026-03-24 22:40:00,53.187164344,0,0,0,0.3956339170897135,0,-1.1718501120806912
2026-03-24 22:45:00,53.2604826717,0,0,0,0.3888881292725276,0,-1.1665659429307518
2026-03-24 22:50:00,53.1721488692,0,0,0,0.3875023225965617,0,-1.154219833529619
2026-03-24 22:55:00,53.1939568065,0,0,0,0.38680899003929126,0,-1.1509676452003028
2026-03-24 23:00:00,53.2477348833,0,0,0,0.3877813872823532,0,-1.1515260046464484
2026-03-24 23:05:00,53.1444067991999,0,0,0,0.39260796839422213,0,-1.1506138298085902
2026-03-24 23:10:00,53.2341181683,0,0,0,0.38844918745028145,0,-1.1511321868003714
2026-03-24 23:15:00,53.2442167904,0,0,0,0.38654736888471053,0,-1.1510692068655537
2026-03-24 23:20:00,53.2588825753,0,0,0,0.38654736888471053,0,-1.1509830890788317
2026-03-24 23:25:00,53.2998916703,0,0,0,0.38606034266840134,0,-1.1517975914992946
2026-03-24 23:30:00,53.151570145,0,0,0,0.39260796839422213,0,-1.1506267887856052
2026-03-24 23:35:00,52.7868117293999,0,0,0,0.41662330136363684,0,-1.153873183898729
2026-03-24 23:40:00,52.7756216507,0,0,0,0.38766072835138793,0,-1.1595037700294553
2026-03-24 23:45:00,52.8137908394,0,0,0,0.38815782348040223,0,-1.161136160204105
2026-03-24 23:50:00,52.9880106149,0,0,0,0.39885919724047036,0,-1.1616096865757535
2026-03-24 23:55:00,52.9364472412,0,0,0,0.38865295557085505,0,-1.1620559924960168
2026-03-25 00:00:00,52.8493214584,0,0,0,0.39259780460215205,0,-1.1614934713940255
2026-03-25 00:05:00,52.8836016709,0,0,0,0.3885994703940722,0,-1.1617752198649927
2026-03-25 00:10:00,52.7583490862,0,0,0,0.39523010883195664,0,-1.1607830379998363
2026-03-25 00:15:00,52.8033001407,0,0,0,0.3879333504195392,0,-1.1599916728918365
2026-03-25 00:20:00,52.7714995479,0,0,0,0.3883491585586715,0,-1.1578673539968676
2026-03-25 00:25:00,52.7825942565,0,0,0,0.3874879069029969,0,-1.1533962826979638
2026-03-25 00:30:00,52.7753991206999,0,0,0,0.38915260019632886,0,-1.1495857769608888
2026-03-25 00:35:00,52.7734069476999,0,0,0,0.38868866885121744,0,-1.1496213740961934
2026-03-25 00:40:00,52.737897522,0,0,0,0.3860954054997596,0,-1.1496412490354422
2026-03-25 00:45:00,52.8366796366,0,0,0,0.388406804941042,0,-1.1499689750334345
2026-03-25 00:50:00,52.8353656500999,0,0,0,0.3893100800669106,0,-1.1484799057816222
2026-03-25 00:55:00,52.8481770186,0,0,0,0.3901002746654486,0,-1.1473715582130142
2026-03-25 01:00:00,52.8613274803,0,0,0,0.38989096589606836,0,-1.1475323837449631
2026-03-25 01:05:00,52.7946532617,0,0,0,0.3921079161928122,0,-1.146472203846482
2026-03-25 01:10:00,52.8021768942,0,0,0,0.3901002746654486,0,-1.1463825295097845
2026-03-25 01:15:00,52.787330966,0,0,0,0.39070090122890455,0,-1.1463032439673282
2026-03-25 01:20:00,52.8880416737,0,0,0,0.39241842780549807,0,-1.147201968073563
2026-03-25 01:25:00,52.8031411906999,0,0,0,0.3941100020601341,0,-1.146783458483499
2026-03-25 01:30:00,52.7448595311,0,0,0,0.3906571699601671,0,-1.146775615904549
2026-03-25 01:35:00,52.7865044261,0,0,0,0.38989096589606836,0,-1.1469195273023614
2026-03-25 01:40:00,52.7786099104,0,0,0,0.390356332279888,0,-1.1465217904095357
2026-03-25 01:45:00,53.0798943004,0,0,0,0.40995861927146104,0,-1.15036868837769
2026-03-25 01:50:00,53.0494500807,0,0,0,0.3869214344642216,0,-1.1536488810573886
2026-03-25 01:55:00,52.8962222993999,0,0,0,0.3950908532555105,0,-1.152583772445652
2026-03-25 02:00:00,52.8738527388,0,0,0,0.3870099618929791,0,-1.1528234325771103
2026-03-25 02:05:00,52.8471385454,0,0,0,0.3869214344642216,0,-1.1525340805761337
2026-03-25 02:10:00,52.8667317795999,0,0,0,0.3867308028088782,0,-1.1524866506787028
2026-03-25 02:15:00,52.8867806705,0,0,0,0.3865485640111064,0,-1.1523583125977173
2026-03-25 02:20:00,52.8400281829,0,0,0,0.38779532798192673,0,-1.1521044736236454
2026-03-25 02:25:00,52.967643824,0,0,0,0.3918082529765132,0,-1.1525751210842445
2026-03-25 02:30:00,52.9150525738,0,0,0,0.3870062742990875,0,-1.1518333493372062
2026-03-25 02:35:00,52.9390858108,0,0,0,0.38598439451174366,0,-1.1514472592501026
2026-03-25 02:40:00,52.9030571486,0,0,0,0.38648100267569996,0,-1.150394435386884
2026-03-25 02:45:00,52.8753574653,0,0,0,0.389276000740594,0,-1.1486560343508099
2026-03-25 02:50:00,52.885752794,0,0,0,0.38997099773972155,0,-1.1467631990813345
2026-03-25 02:55:00,52.841543506,0,0,0,0.3909215726907952,0,-1.146705706787276
2026-03-25 03:00:00,52.9373479577,0,0,0,0.3918896606080667,0,-1.147231807751887
2026-03-25 03:05:00,52.8617407502,0,0,0,0.39193686600290395,0,-1.146827842817705
2026-03-25 03:10:00,52.8470961587,0,0,0,0.3905714252590838,0,-1.1469371065260259
2026-03-25 03:15:00,52.8766078718,0,0,0,0.38997099773972155,0,-1.1470616495691188
2026-03-25 03:20:00,52.9578736986,0,0,0,0.3918896606080667,0,-1.147446157854187
2026-03-25 03:25:00,52.9036187718,0,0,0,0.3906963812438947,0,-1.1467579382462723
2026-03-25 03:30:00,52.9285527255,0,0,0,0.38997099773972155,0,-1.1469620584305413
2026-03-25 03:35:00,52.9365638045,0,0,0,0.38997099773972155,0,-1.146974556611256
2026-03-25 03:40:00,52.8938168563,0,0,0,0.39016610115270167,0,-1.1467117289711704
2026-03-25 03:45:00,52.9040320418,0,0,0,0.38997099773972155,0,-1.1467263683854623
2026-03-25 03:50:00,52.9257975925,0,0,0,0.38997099773972155,0,-1.1468707298738097
2026-03-25 03:55:00,52.931954255,0,0,0,0.38997099773972155,0,-1.146560879305078
2026-03-25 04:00:00,53.7196573759,0,0,0,0.4274009810385438,0,-1.1556531205692786
2026-03-25 04:05:00,53.1555862811999,0,0,0,0.4205147270856435,0,-1.1596304460899474
2026-03-25 04:10:00,53.1632158802,0,0,0,0.3893693162647867,0,-1.1650865915273387
2026-03-25 04:15:00,53.1264666447,0,0,0,0.3898702794747003,0,-1.1647218808158106
2026-03-25 04:20:00,53.1219206753,0,0,0,0.38951573260721656,0,-1.1646766826836235
2026-03-25 04:25:00,53.1342869838,0,0,0,0.3878884465451732,0,-1.1644204701686605
2026-03-25 04:30:00,53.1405284197,0,0,0,0.3864034959565285,0,-1.1641495376162414
2026-03-25 04:35:00,53.7729056194,0,0,0,0.4250482854446884,0,-1.164841657427287
2026-03-25 04:40:00,53.4212976655,0,0,0,0.42147814200140454,0,-1.1685928910123324
2026-03-25 04:45:00,53.4334944274,0,0,0,0.3928961397775487,0,-1.1700033987036502
2026-03-25 04:50:00,53.3949649521,0,0,0,0.39356303233846845,0,-1.1685284974201755
2026-03-25 04:55:00,53.3932059056,0,0,0,0.389412477622596,0,-1.1666039196419768
2026-03-25 05:00:00,53.3460189547,0,0,0,0.3855828613204064,0,-1.1634746779908416
2026-03-25 05:05:00,53.3901646626,0,0,0,0.3854789756732554,0,-1.1633647269781933
2026-03-25 05:10:00,53.338060859,0,0,0,0.3850368314579512,0,-1.1626560117251123
2026-03-25 05:15:00,53.3325611896,0,0,0,0.3844785110249142,0,-1.161736613433085
2026-03-25 05:20:00,53.3714933382,0,0,0,0.3838058972188695,0,-1.160627386643332
2026-03-25 05:25:00,53.3857352565,0,0,0,0.3831148973670186,0,-1.159206612579456
2026-03-25 05:30:00,53.4260131816,0,0,0,0.38362867247256394,0,-1.1573307631443228
2026-03-25 05:35:00,53.3384423389,0,0,0,0.39121456942104105,0,-1.149717774455823
2026-03-25 05:40:00,53.3166026116,0,0,0,0.3871597547445044,0,-1.1498923885779528
2026-03-25 05:45:00,53.3286722134999,0,0,0,0.3857745581460431,0,-1.149606570865164
2026-03-25 05:50:00,53.3238507306999,0,0,0,0.38670993366577333,0,-1.1495753840565974
2026-03-25 05:55:00,53.4340560506,0,0,0,0.38997034363545413,0,-1.15030264445824
2026-03-25 06:00:00,53.3369376124,0,0,0,0.39262544123809284,0,-1.1499462289784335
2026-03-25 06:05:00,53.3696601151,0,0,0,0.3863488976936788,0,-1.1501369604535334
2026-03-25 06:10:00,53.4196339891,0,0,0,0.3873201383128257,0,-1.1505949713246748
2026-03-25 06:15:00,53.3855445165,0,0,0,0.38733377482324277,0,-1.1503820266988276
2026-03-25 06:20:00,53.4127991399,0,0,0,0.3863488976936788,0,-1.1506613538522186
2026-03-25 06:25:00,53.3645101358,0,0,0,0.3878602054609343,0,-1.1503959368531482
2026-03-25 06:30:00,53.3145256651999,0,0,0,0.3872836192294733,0,-1.1500543057635173
2026-03-25 06:35:00,53.4406471765,0,0,0,0.38997034363545413,0,-1.1507865190955056
2026-03-25 06:40:00,53.3963319219,0,0,0,0.3878602054609343,0,-1.1505977023648806
2026-03-25 06:45:00,53.3879605562,0,0,0,0.38760217070960035,0,-1.1503624073692145
2026-03-25 06:50:00,53.3980273882999,0,0,0,0.3863488976936788,0,-1.1500411285390715
2026-03-25 06:55:00,53.3601866963,0,0,0,0.38733377482324277,0,-1.149633095710239
2026-03-25 07:00:00,54.0507925723,0,0,0,0.4174611364652075,0,-1.1574468878330268
2026-03-25 07:05:00,53.4464541491,0,0,0,0.4182948974862399,0,-1.15733021363352
2026-03-25 07:10:00,53.4385490368,0,0,0,0.38493199154365587,0,-1.1635940081148224
2026-03-25 07:15:00,53.4105208568,0,0,0,0.3846626105897741,0,-1.163406724706869
2026-03-25 07:20:00,53.4095141736,0,0,0,0.3836873522861321,0,-1.1633993844642725
2026-03-25 07:25:00,53.4450235993,0,0,0,0.3836873522861321,0,-1.1633646228125691
2026-03-25 07:30:00,53.406684864,0,0,0,0.3849677555498891,0,-1.1628516870481735
2026-03-25 07:35:00,53.4167305027,0,0,0,0.3836873522861321,0,-1.1629197981068928
2026-03-25 07:40:00,53.4675309166,0,0,0,0.3846519020591942,0,-1.1629713759710891
2026-03-25 07:45:00,53.452663795,0,0,0,0.38506505437673544,0,-1.1628183839273618
2026-03-25 07:50:00,53.5959625008999,0,0,0,0.38999799010991737,0,-1.1631374680988231
2026-03-25 07:55:00,53.4590006009,0,0,0,0.39066466861452126,0,-1.1623165982264916
2026-03-25 08:00:00,53.4535115283,0,0,0,0.38748245323368724,0,-1.1513172492087491
2026-03-25 08:05:00,53.4273589581,0,0,0,0.38690721468741934,0,-1.1512059581355136
2026-03-25 08:10:00,53.4322122309,0,0,0,0.3862295673123008,0,-1.1512241428688745
2026-03-25 08:15:00,53.5450243305,0,0,0,0.3894569078722825,0,-1.1519400293239312
2026-03-25 08:20:00,53.5059544251999,0,0,0,0.38682381037203717,0,-1.1518916988020635
2026-03-25 08:25:00,53.4315870276,0,0,0,0.3887094007390982,0,-1.1515428159756378
2026-03-25 08:30:00,53.5136476043,0,0,0,0.3877385693655956,0,-1.1516917412528178
2026-03-25 08:35:00,53.5132343342999,0,0,0,0.3861004021633843,0,-1.1515895758767059
2026-03-25 08:40:00,53.5011011525,0,0,0,0.3873528690873393,0,-1.151514996821742
2026-03-25 08:45:00,53.5500789399,0,0,0,0.38683993861058924,0,-1.1518315989237193
2026-03-25 08:50:00,53.4851213811,0,0,0,0.38765116863496396,0,-1.1505565520284735
2026-03-25 08:55:00,53.513658201,0,0,0,0.38601153996418847,0,-1.1507166890462008
2026-03-25 09:00:00,53.4416962463999,0,0,0,0.38888198465883594,0,-1.1504093845623196
2026-03-25 09:05:00,53.5130753844,0,0,0,0.3877683875555598,0,-1.1503447379339966
2026-03-25 09:10:00,53.5535864361,0,0,0,0.3858699021360504,0,-1.1503661053953866
2026-03-25 09:15:00,53.546274737,0,0,0,0.3871216213434566,0,-1.1503448996966317
2026-03-25 09:20:00,53.5426612741,0,0,0,0.3858699021360504,0,-1.1504438502991043
2026-03-25 09:25:00,53.5992262739,0,0,0,0.38762488351988866,0,-1.1506049821047515
2026-03-25 09:30:00,53.5667580911999,0,0,0,0.3876385307595728,0,-1.1506564777737376
2026-03-25 09:35:00,53.5275080426,0,0,0,0.38887199048250926,0,-1.1504594049049077
2026-03-25 09:40:00,53.5184584904,0,0,0,0.38914145224739877,0,-1.1503673187339145
2026-03-25 09:45:00,53.4734862425,0,0,0,0.3882952315556547,0,-1.1503342873080078
2026-03-25 09:50:00,53.6604326130999,0,0,0,0.3997983711838668,0,-1.151685985492915
2026-03-25 09:55:00,53.4981234895,0,0,0,0.39619075469289106,0,-1.1512373649138077
2026-03-25 10:00:00,53.4853968944,0,0,0,0.3890083479595307,0,-1.1511608413513752
2026-03-25 10:05:00,53.5059968119,0,0,0,0.38762085441197125,0,-1.1512447128058503
2026-03-25 10:10:00,53.5239369664,0,0,0,0.38762085441197125,0,-1.1512847074963417
2026-03-25 10:15:00,53.5486377934,0,0,0,0.38762085441197125,0,-1.1513461172195882
2026-03-25 10:20:00,53.6024582568,0,0,0,0.3883334391952446,0,-1.1517772345550203
2026-03-25 10:25:00,53.633644243,0,0,0,0.3867161545831646,0,-1.1522479761198272
2026-03-25 10:30:00,53.5923914247,0,0,0,0.38834711138128675,0,-1.1521653617103664
2026-03-25 10:35:00,53.6100454691999,0,0,0,0.3867161545831646,0,-1.1524296939620604
2026-03-25 10:40:00,53.6514996242,0,0,0,0.38580456998096385,0,-1.1529638347112965
2026-03-25 10:45:00,53.3740683279,0,0,0,0.4039780164534275,0,-1.15196980066507
2026-03-25 10:50:00,53.4288107013,0,0,0,0.3850658576060788,0,-1.1534425899754395
2026-03-25 10:55:00,53.458460171,0,0,0,0.3841002698016781,0,-1.153774157680068
2026-03-25 11:00:00,53.601123077,0,0,0,0.3905610061692687,0,-1.1540141106616186
2026-03-25 11:05:00,53.9616746165,0,0,0,0.4068537047517967,0,-1.1585499146416547
2026-03-25 11:10:00,53.8413918678,0,0,0,0.3900940849501281,0,-1.1615888262078484
2026-03-25 11:15:00,53.5926775346999,0,0,0,0.4033687177123288,0,-1.1598553073526952
2026-03-25 11:20:00,53.699258795,0,0,0,0.3871837177491568,0,-1.1612659167190125
2026-03-25 11:25:00,53.666610469,0,0,0,0.3860278834891539,0,-1.161391994745271
2026-03-25 11:30:00,53.5367271414999,0,0,0,0.39221584631385503,0,-1.160768645729421
2026-03-25 11:35:00,53.9535363774,0,0,0,0.4093436080146799,0,-1.1616552976193122
2026-03-25 11:40:00,53.7254113652,0,0,0,0.40116558727252954,0,-1.1632196588670598
2026-03-25 11:45:00,53.6925405092,0,0,0,0.3860278834891539,0,-1.1622799663138967
2026-03-25 11:50:00,53.8229960567,0,0,0,0.3888545797382107,0,-1.1612367345110106
2026-03-25 11:55:00,53.7424825931,0,0,0,0.3873507924770583,0,-1.159332997857349
2026-03-25 12:00:00,53.7226138455,0,0,0,0.3846781587971163,0,-1.158823311598332
2026-03-25 12:05:00,53.7284102215,0,0,0,0.38361509013432205,0,-1.15715998624007
2026-03-25 12:10:00,53.7193394759,0,0,0,0.38406826089629365,0,-1.1565805125079573
2026-03-25 12:15:00,53.727350555,0,0,0,0.3824366623336332,0,-1.1559706244673906
2026-03-25 12:20:00,53.71341594,0,0,0,0.38349646535412474,0,-1.1558868145833991
2026-03-25 12:25:00,53.8142008244,0,0,0,0.3848252590233293,0,-1.1561567177715273
2026-03-25 12:30:00,53.6946280523,0,0,0,0.39024816346102464,0,-1.153719250035746
2026-03-25 12:35:00,53.6580165734,0,0,0,0.38744809657108664,0,-1.1513039415230377
2026-03-25 12:40:00,53.6516585742,0,0,0,0.38700720537640065,0,-1.1517563366118098
2026-03-25 12:45:00,53.6823571138,0,0,0,0.38607111081467904,0,-1.1519081703170044
2026-03-25 12:50:00,53.7036140245,0,0,0,0.386831850086346,0,-1.1510513464372867
2026-03-25 12:55:00,53.7398652168,0,0,0,0.386831850086346,0,-1.1511444537913043
2026-03-25 13:00:00,53.6926570725,0,0,0,0.3883450470519572,0,-1.150962053142187
2026-03-25 13:05:00,53.7142636732,0,0,0,0.386831850086346,0,-1.1510446944827242
2026-03-25 13:10:00,53.718735466,0,0,0,0.386831850086346,0,-1.1510576133280899
2026-03-25 13:15:00,53.7343231608,0,0,0,0.386831850086346,0,-1.151135466624609
2026-03-25 13:20:00,53.7562052747999,0,0,0,0.386831850086346,0,-1.1513949274886561
2026-03-25 13:25:00,53.8605400421,0,0,0,0.38615606862948676,0,-1.1525008208418288
2026-03-25 13:30:00,53.8371743949,0,0,0,0.3828638761038288,0,-1.1534167885843165
2026-03-25 13:35:00,54.6128820906,0,0,0,0.42397824087384417,0,-1.1618648990284548
2026-03-25 13:40:00,56.3248369623,0,0,0,0.44996273290752115,0,-1.1601533167184912
2026-03-25 13:45:00,58.2128448326999,0,0,0,0.46492558703326586,0,-1.1821795758332034
2026-03-25 13:50:00,59.9966239024,0,0,0,0.45908748487021206,0,-1.2062617193504712
2026-03-25 13:55:00,61.6233921811999,0,0,0,0.45965951888526974,0,-1.2193257818506884
2026-03-25 14:00:00,63.8513198835,0,0,0,0.4734080045978309,0,-1.1864530718693134
2026-03-25 14:05:00,66.0051980882,0,0,0,0.47995477575108814,0,-1.1850047186520463
2026-03-25 14:10:00,68.1373107422,0,0,0,0.49581839551451523,0,-1.1836546928916256
2026-03-25 14:15:00,69.8019620997,0,0,0,0.49757525198047914,0,-1.1968437011021107
2026-03-25 14:20:00,70.805816001,0,0,0,0.5043813242967934,0,-1.2123166537748693
2026-03-25 14:25:00,73.0794365244,0,0,0,0.52140392141298,0,-1.2173874615034153
2026-03-25 14:30:00,75.8520540205,0,0,0,0.5370086488424396,0,-1.2235012760958286
2026-03-25 14:35:00,73.9927843067,0,0,0,0.5485263927928742,0,-1.199363843977952
2026-03-25 14:40:00,76.4627716362,0,0,0,0.5302374830136204,0,-1.282043027392491
2026-03-25 14:45:00,77.4847776252,0,0,0,0.5184143870718497,0,-1.2898282180044995
2026-03-25 14:50:00,79.1331631014,0,0,0,0.5156868184594383,0,-1.3062978506472411
2026-03-25 14:55:00,79.4210850964,0,0,0,0.4971867478320036,0,-1.30414883280915
2026-03-25 15:00:00,80.4841001803999,0,0,0,0.49950119890542866,0,-1.323318868581383
2026-03-25 15:05:00,82.2755618325,0,0,0,0.5055423776781035,0,-1.332332104398116
2026-03-25 15:10:00,84.5851686316,0,0,0,0.5162312959767704,0,-1.335264076910604
2026-03-25 15:15:00,86.1944524125,0,0,0,0.5101537174024812,0,-1.3352376115665339
2026-03-25 15:20:00,78.4166377819,0,0,0,0.5818858279189199,0,-1.2182543063397453
2026-03-25 15:25:00,78.6892687886999,0,0,0,0.5051024423886336,0,-1.3100453464300612
2026-03-25 15:30:00,79.0028982939,0,0,0,0.5040556947343607,0,-1.307835237729697
2026-03-25 15:35:00,79.1646351975999,0,0,0,0.5057710722956901,0,-1.2901849283600115
2026-03-25 15:40:00,78.0936620178,0,0,0,0.521412854115029,0,-1.2632879414888392
2026-03-25 15:45:00,78.5864175545999,0,0,0,0.5017588867455292,0,-1.2703010077725907
2026-03-25 15:50:00,79.3709522724999,0,0,0,0.5048017591415025,0,-1.2793532874361178
2026-03-25 15:55:00,82.5957824636,0,0,0,0.5278511242956202,0,-1.2759666917300043
2026-03-25 16:00:00,89.7261832263,0,1,0,0.5557404123466637,0,-1.1981429130245491
2026-03-25 16:05:00,87.7539106727999,0,1,0,0.5386664737843317,0,-1.2598518654562276
2026-03-25 16:10:00,87.2740300845,0,1,0,0.5185325083775922,0,-1.3098985848406508
2026-03-25 16:15:00,87.5273645637,0,1,0,0.5138832279394406,0,-1.3215474407444416
2026-03-25 16:20:00,77.6057597539,0,0,0,0.6010554190203706,0,-1.2070985882948393
2026-03-25 16:25:00,79.2906719356,0,0,0,0.5044750217947699,0,-1.308301384219442
2026-03-25 16:30:00,86.5186361964,0,0,0,0.5598731802973782,0,-1.22020540011293
2026-03-25 16:35:00,79.4756685197,0,0,0,0.583492902982772,0,-1.1859994470164472
2026-03-25 16:40:00,79.4989282003,0,0,0,0.5079090126572336,0,-1.2999505130867588
2026-03-25 16:45:00,80.093337548,0,0,0,0.5073171314906262,0,-1.3093005705125151
2026-03-25 16:50:00,83.9683261433,0,0,0,0.5333997273662426,0,-1.303169799725758
2026-03-25 16:55:00,85.4148663373,0,0,0,0.5097002438879161,0,-1.3414636250411565
2026-03-25 17:00:00,85.5923710791,0,0,0,0.5052461336682763,0,-1.3394163904929004
2026-03-25 17:05:00,81.8552662936,0,0,0,0.5456786170811482,0,-1.2504470121831983
2026-03-25 17:10:00,80.9809354333,0,0,0,0.5160610511869257,0,-1.3076883287346852
2026-03-25 17:15:00,83.0337532403,0,0,0,0.5003121736872216,0,-1.3177042182351342
2026-03-25 17:20:00,84.1013460838,0,0,0,0.4944710488039049,0,-1.3230913648481009
2026-03-25 17:25:00,87.9574938081,0,1,0,0.5312397609048798,0,-1.2891152817331715
2026-03-25 17:30:00,88.0450434574,0,1,0,0.505230877558145,0,-1.3282583487293802
2026-03-25 17:35:00,88.9262303602,0,1,0,0.5118650469298198,0,-1.3320751791189858
2026-03-25 17:40:00,83.2252667737,0,0,0,0.5615431452467327,0,-1.1730391197444612
2026-03-25 17:45:00,87.7068614785999,0,1,0,0.5340025899366487,0,-1.2477616961920484
2026-03-25 17:50:00,89.3580444744,0,1,0,0.51283213980214,0,-1.3205044893892717
2026-03-25 17:55:00,89.5647218359,0,1,0,0.5175541819447427,0,-1.3109132498156602
2026-03-25 18:00:00,88.7277230277,0,1,0,0.5244418805270058,0,-1.2923193222097364
2026-03-25 18:05:00,88.610131832,0,1,0,0.5095376365882844,0,-1.304406527950718
2026-03-25 18:10:00,88.9128785619,0,1,0,0.5116911102178753,0,-1.2939582643898084
2026-03-25 18:15:00,88.9751127776,0,1,0,0.5086672287134254,0,-1.2728453227692336
2026-03-25 18:20:00,89.5172593716999,0,1,0,0.5217450512223888,0,-1.2542859255165926
2026-03-25 18:25:00,89.6174720362,0,1,0,0.5250492923040933,0,-1.250298771682398
2026-03-25 18:30:00,87.9338102609,0,1,0,0.5384634148469976,0,-1.2169296583004967
2026-03-25 18:35:00,88.2057948712,0,1,0,0.5170160152225904,0,-1.2559882601960546
2026-03-25 18:40:00,89.5781796009,0,1,0,0.5564151448454356,0,-1.1648334199137442
2026-03-25 18:45:00,89.8894884364,0,1,0,0.553074812649286,0,-1.159099939926644
2026-03-25 18:50:00,89.4439622373,0,1,0,0.5592435045059662,0,-1.152115446873559
2026-03-25 18:55:00,89.5795359741,0,1,0,0.551953342642857,0,-1.1591839057990516
2026-03-25 19:00:00,89.3726042926,0,1,0,0.5545104191563431,0,-1.1548011387926649
2026-03-25 19:05:00,90.4752932918,0,1,0,0.5600169838563493,0,-1.1621408682097258
2026-03-25 19:10:00,90.2062015712,0,1,0,0.5568333507439517,0,-1.1579632262439368
2026-03-25 19:15:00,89.9052562745,0,1,0,0.5583423750929088,0,-1.1580032298959428
2026-03-25 19:20:00,91.1349569049,0,1,0,0.5586074619051973,0,-1.1698733554500913
2026-03-25 19:25:00,90.1297890172,0,1,0,0.5598953981573975,0,-1.1521733454771168
2026-03-25 19:30:00,90.5766397995,0,1,0,0.5586212838466753,0,-1.1574074676199808
2026-03-25 19:35:00,91.2023199067,0,1,0,0.56650581314586,0,-1.139790545490732
2026-03-25 19:40:00,91.5928600092,0,1,0,0.564323477969982,0,-1.1424527082536968
2026-03-25 19:45:00,92.5396296741,0,1,0,0.5607137828567827,0,-1.153955336918828
2026-03-25 19:50:00,92.6576659296999,0,1,0,0.5531230797775656,0,-1.152236522566113
2026-03-25 19:55:00,93.9360900275,0,1,0,0.5682054690892689,0,-1.1570147388197527
2026-03-25 20:00:00,95.6956981035,0,1,0,0.5800006797109601,0,-1.142197667293837
2026-03-25 20:05:00,92.6582805363,0,1,0,0.5948963884862175,0,-1.0557519092430556
2026-03-25 20:10:00,92.1685132592,0,1,0,0.5621634398389881,0,-1.1608627325167085
2026-03-25 20:15:00,91.5553478138,0,1,0,0.5628858309409157,0,-1.1560324809078009
2026-03-25 20:20:00,90.9733365646,0,1,0,0.5608309137407748,0,-1.1631637684985736
2026-03-25 20:25:00,90.7969656659999,0,1,0,0.556486901564081,0,-1.1687095632814688
2026-03-25 20:30:00,90.2976296001,0,1,0,0.5589994427907246,0,-1.167768577814983
2026-03-25 20:35:00,89.9741134061,0,1,0,0.5510565740394237,0,-1.1809885939158267
2026-03-25 20:40:00,89.9163191931,0,1,0,0.5505325568423486,0,-1.1946475560424754
2026-03-25 20:45:00,89.8493906546,0,1,0,0.5493391537327822,0,-1.2039920540557882
2026-03-25 20:50:00,89.3553847113999,0,1,0,0.5508072936169144,0,-1.2075221948708035
2026-03-25 20:55:00,89.1211772132,0,1,0,0.541768446094622,0,-1.218324778444228
2026-03-25 21:00:00,86.2089274574,0,0,0,0.5645456349280318,0,-1.1492165968188757
2026-03-25 21:05:00,86.097598891,0,0,0,0.5240669318541286,0,-1.2350687663121096
2026-03-25 21:10:00,86.1236243011,0,0,0,0.5204132481527957,0,-1.2486155146886198
2026-03-25 21:15:00,87.0542976313,0,1,0,0.516189330795133,0,-1.2590151344258902
2026-03-25 21:20:00,87.2037106131,0,1,0,0.5157649622715095,0,-1.2586377334589216
2026-03-25 21:25:00,87.2896389726,0,1,0,0.5109019806936468,0,-1.2544134205397217
2026-03-25 21:30:00,89.6810308350999,0,1,0,0.536530238845895,0,-1.2415691979863308
2026-03-25 21:35:00,74.6873427388,0,0,0,0.6391699179460408,0,-1.1744498231764726
2026-03-25 21:40:00,44.97089149,0,0,1,0.7471988151841739,1,-0.8089208095089726
2026-03-25 21:45:00,44.8500471181,0,0,1,0.6990606062524652,0,-1.0171816184765219
2026-03-25 21:50:00,44.9471973463,0,0,1,0.7036091271170941,1,-0.9719500813357976
2026-03-25 21:55:00,44.8900919165,0,0,1,0.7035207911028651,1,-0.8514636523410841
2026-03-25 22:00:00,44.8894349233,0,0,1,0.6947375041881273,1,-0.7331169573371732
2026-03-25 22:05:00,44.931101011547,0,0,1,0.6909872636864903,1,-0.656245280569103
2026-03-25 22:10:00,44.931312944854,0,0,1,0.6866547889032137,1,-0.6172855779179701
2026-03-25 22:15:00,45.0315891893,0,0,0,0.6793378889268024,1,-0.6192351279485615
2026-03-25 22:20:00,44.9313553315,0,0,0,0.6740700558413204,1,-0.6158772380731026
2026-03-25 22:25:00,44.9653706274,0,0,0,0.6580609422228417,1,-0.623558779809084
2026-03-25 22:30:00,44.9233548491999,0,0,0,0.5934934988891946,1,-0.7408788974894641
2026-03-25 22:35:00,44.9084029542999,0,0,0,0.5152128246903749,1,-0.9328619516990257
2026-03-25 22:40:00,44.9672568338,0,0,0,0.5145352171131655,1,-0.9339455963163878
2026-03-25 22:45:00,44.8992368388,0,0,0,0.5235347880497856,1,-0.9329826959029996
2026-03-25 22:50:00,45.0244258435,0,0,0,0.5186841687532467,1,-0.9353866470501375
2026-03-25 22:55:00,44.933019008,0,0,0,0.5232146252318327,1,-0.9345845396642648
2026-03-25 23:00:00,44.976274596052,0,0,0,0.5137952849513959,1,-0.9353118495093061
2026-03-25 23:05:00,44.960157068,0,0,0,0.5144719180887171,1,-0.9354507097412877
2026-03-25 23:10:00,45.0296923862,0,0,0,0.5126815181393867,1,-0.9370666860757833
2026-03-25 23:15:00,44.982007392,0,0,0,0.5151362095906065,1,-0.9364275555034433
2026-03-25 23:20:00,44.986193074846,0,0,0,0.5105464165030708,1,-0.9366289772052061
2026-03-25 23:25:00,44.942026173551,0,0,0,0.5151362095906065,1,-0.9360317059555031
2026-03-25 23:30:00,44.940161160445,0,0,0,0.5111362796288474,1,-0.936012104311497
2026-03-25 23:35:00,44.8197724451,0,0,0,0.5208915387724308,1,-0.934538112300143
2026-03-25 23:40:00,44.8152688623,0,0,0,0.5069288153388993,1,-0.9347721453413878
2026-03-25 23:45:00,44.8790501912,0,0,0,0.5051190613162285,1,-0.9359341255589513
2026-03-25 23:50:00,45.0589179893,0,0,0,0.5124691675719365,1,-0.9390698055527475
2026-03-25 23:55:00,44.815470198944,0,0,0,0.5246070862669335,1,-0.9356782357961791
2026-03-26 00:00:00,44.8601033535,0,0,0,0.5028103955675892,1,-0.9364588188084229
2026-03-26 00:05:00,44.791871425148,0,0,0,0.5102465576060632,1,-0.9356574683574054
2026-03-26 00:10:00,44.8248270545,0,0,0,0.502470315994438,1,-0.9354802146417496
2026-03-26 00:15:00,44.8909608431,0,0,0,0.5028103955675892,1,-0.9363814996343132
2026-03-26 00:20:00,44.8304326905,0,0,0,0.5074571506168251,1,-0.9352619806897503
2026-03-26 00:25:00,44.8362608564,0,0,0,0.5041838965645554,1,-0.9349683143758232
2026-03-26 00:30:00,45.0933783451,0,0,0,0.5143609335100495,1,-0.9395443066008266
2026-03-26 00:35:00,44.9177068264999,0,0,0,0.5118415650893177,1,-0.938701717058045
2026-03-26 00:40:00,44.9182472564,0,0,0,0.49805744242538347,1,-0.9387158218426288
2026-03-26 00:45:00,44.856097814,0,0,0,0.502760052184847,1,-0.9377473521976248
2026-03-26 00:50:00,44.8501530847,0,0,0,0.4978055545415722,1,-0.9363955443899061
2026-03-26 00:55:00,44.9130760837,0,0,0,0.49665018715908105,1,-0.9375233823976283
2026-03-26 01:00:00,45.0003502198,0,0,0,0.4989641031963357,1,-0.9398227281413791
2026-03-26 01:05:00,44.890759506453,0,0,0,0.507323450151178,1,-0.9383478697126608
2026-03-26 01:10:00,44.8938855227,0,0,0,0.49564312938706234,1,-0.9381681311248931
2026-03-26 01:15:00,44.968422467,0,0,0,0.4985471277856671,1,-0.9395948402814197
2026-03-26 01:20:00,44.8782236513,0,0,0,0.5081943702623414,1,-0.9384475546838322
2026-03-26 01:25:00,44.9107130274,0,0,0,0.49750278452291463,1,-0.9386797496277502
2026-03-26 01:30:00,44.9090069641999,0,0,0,0.5008162031258001,1,-0.9372399148310677
2026-03-26 01:35:00,44.9082334076999,0,0,0,0.5008162031258001,1,-0.9372843731346358
2026-03-26 01:40:00,45.1658913263,0,0,0,0.5077320029269725,1,-0.9428723626063551
2026-03-26 01:45:00,45.3605202793,0,0,0,0.5063254404751983,1,-0.9516202009829724
2026-03-26 01:50:00,45.527099859053,0,0,0,0.5050986787543703,1,-0.9596134882571751
2026-03-26 01:55:00,45.3296521931,0,0,0,0.5195677188993327,1,-0.9587600751294281
2026-03-26 02:00:00,45.2773788428,0,0,0,0.5091518112866286,1,-0.9586092896801701
2026-03-26 02:05:00,45.2233888327,0,0,0,0.5068723196096094,1,-0.957965306823701
2026-03-26 02:10:00,45.2761178396,0,0,0,0.5006468489974095,1,-0.9589412429696068
2026-03-26 02:15:00,45.2179527432999,0,0,0,0.5049318639036561,1,-0.9585332781210182
2026-03-26 02:20:00,45.2194680665,0,0,0,0.4961508407267908,1,-0.9580573445877973
2026-03-26 02:25:00,45.2907942211,0,0,0,0.49943479125158596,1,-0.9587879949343747
2026-03-26 02:30:00,45.2381923742,0,0,0,0.5025033811061611,1,-0.9574754623861247
2026-03-26 02:35:00,45.3052798627,0,0,0,0.49341355745557436,1,-0.9563807214036837
2026-03-26 02:40:00,45.1726308055,0,0,0,0.5048009197187561,1,-0.9545084562787373
2026-03-26 02:45:00,45.1997476722,0,0,0,0.49208001533962425,1,-0.9543433488736204
2026-03-26 02:50:00,45.2092104944,0,0,0,0.4926062325104151,1,-0.9517420422631568
2026-03-26 02:55:00,45.169462402554,0,0,0,0.49758335560386796,1,-0.950772347576876
2026-03-26 03:00:00,45.2133961771999,0,0,0,0.4952254606758522,1,-0.9510566981169774
2026-03-26 03:05:00,45.1743368686,0,0,0,0.4972468113783058,1,-0.9508048940802394
2026-03-26 03:10:00,45.2118278707,0,0,0,0.4948905112301668,1,-0.9509385481076367
2026-03-26 03:15:00,45.172493048852,0,0,0,0.49758335560386796,1,-0.9506129698830401
2026-03-26 03:20:00,45.2796889158,0,0,0,0.49590746549529263,1,-0.9521662342477305
2026-03-26 03:25:00,45.2266737989,0,0,0,0.49943965586923644,1,-0.9517161012026776
2026-03-26 03:30:00,45.2310078351,0,0,0,0.49422129182226143,1,-0.9515758200518784
2026-03-26 03:35:00,45.1784801648,0,0,0,0.5009849161696359,1,-0.9500424756040665
2026-03-26 03:40:00,45.1703843124,0,0,0,0.49767627650706237,1,-0.9497537499430206
2026-03-26 03:45:00,45.2373022543,0,0,0,0.4964216965316572,1,-0.950783374264223
2026-03-26 03:50:00,45.1949791728,0,0,0,0.5006460712731342,1,-0.9505761350773684
2026-03-26 03:55:00,45.2543416922,0,0,0,0.4964216965316572,1,-0.951406626940378
2026-03-26 04:00:00,45.9628135461,0,0,0,0.5157107988160847,1,-0.9634057496179185
2026-03-26 04:05:00,45.4355552669,0,0,0,0.5376443862597737,1,-0.9647577878202117
2026-03-26 04:10:00,45.4470314554999,0,0,0,0.4953940292638957,1,-0.9675889209813927
2026-03-26 04:15:00,45.4190774522,0,0,0,0.5000198636438514,1,-0.9675736811938979
2026-03-26 04:20:00,45.4407264396,0,0,0,0.49441542474360445,1,-0.9680974957622052
2026-03-26 04:25:00,45.4447637691,0,0,0,0.4940810231717826,1,-0.9685954376665138
2026-03-26 04:30:00,45.4800718581,0,0,0,0.4947500526435101,1,-0.9694310981326536
2026-03-26 04:35:00,45.4753033586999,0,0,0,0.49523041385609073,1,-0.9696668139739915
2026-03-26 04:40:00,45.4582957108,0,0,0,0.4929497827565667,1,-0.9692020428509512
2026-03-26 04:45:00,45.4605951871,0,0,0,0.4923705395293728,1,-0.9690199916598271
2026-03-26 04:50:00,45.4284660976999,0,0,0,0.49696814150858243,1,-0.9680323114215478
2026-03-26 04:55:00,45.5046455251,0,0,0,0.49680054924533806,1,-0.9684438537112289
2026-03-26 05:00:00,45.4249480048,0,0,0,0.5057128180520223,1,-0.9600789121192119
2026-03-26 05:05:00,45.5009790789,0,0,0,0.5001623784872132,1,-0.9609962221275645
2026-03-26 05:10:00,45.4652683165999,0,0,0,0.5012999431207839,1,-0.9610541030039518
2026-03-26 05:15:00,45.5507092295,0,0,0,0.4966013945106256,1,-0.9625807790376313
2026-03-26 05:20:00,45.5048468618,0,0,0,0.4979294558876494,1,-0.9626649538031893
2026-03-26 05:25:00,45.4946634663,0,0,0,0.49387311156371566,1,-0.9623656849520577
2026-03-26 05:30:00,45.522034653,0,0,0,0.4946204229276353,1,-0.9628745242789429
2026-03-26 05:35:00,45.4572466409,0,0,0,0.49851397908958256,1,-0.9621409793760899
2026-03-26 05:40:00,45.4859742007,0,0,0,0.4942165299523816,1,-0.962247337746616
2026-03-26 05:45:00,45.4477732219999,0,0,0,0.498701345343497,1,-0.9619478728819003
2026-03-26 05:50:00,45.4196814620999,0,0,0,0.4980744055990383,1,-0.9614509097753003
2026-03-26 05:55:00,45.5089477713,0,0,0,0.49848879782301714,1,-0.9623788780168778
2026-03-26 06:00:00,45.3908267423,0,0,0,0.503512039260891,1,-0.9615178554842537
2026-03-26 06:05:00,45.5043064318,0,0,0,0.49941099800685773,1,-0.9623727984662769
2026-03-26 06:10:00,45.4453253923,0,0,0,0.49904833764110895,1,-0.9624807610345231
2026-03-26 06:15:00,45.484035011,0,0,0,0.49616685094863905,1,-0.9622439668324464
2026-03-26 06:20:00,45.4490660152,0,0,0,0.4990285799502418,1,-0.9619083530975762
2026-03-26 06:25:00,45.4902446568999,0,0,0,0.495831264786599,1,-0.9622284646546089
2026-03-26 06:30:00,45.47806908835,0,0,0,0.4953975678309858,1,-0.9620819991429694
2026-03-26 06:35:00,45.4411397095,0,0,0,0.4979470197693716,1,-0.9615557394621689
2026-03-26 06:40:00,45.521133936446,0,0,0,0.49773479374397467,1,-0.9625473649009184
2026-03-26 06:45:00,45.4464698321999,0,0,0,0.5005772793157275,1,-0.962133717355472
2026-03-26 06:50:00,45.4869173039,0,0,0,0.4943763741243637,1,-0.9622727392949197
2026-03-26 06:55:00,45.483780691,0,0,0,0.49394394974209505,1,-0.9623995771415992
2026-03-26 07:00:00,45.4282223744,0,0,0,0.49833793047149644,1,-0.9613564641850169
2026-03-26 07:05:00,45.4188337289,0,0,0,0.4950467722172137,1,-0.960948281566401
2026-03-26 07:10:00,45.4386706865,0,0,0,0.4944754767562892,1,-0.961186715827456
2026-03-26 07:15:00,45.4561445876999,0,0,0,0.4941410345678393,1,-0.9614857327294145
2026-03-26 07:20:00,45.4745403988,0,0,0,0.4944754767562892,1,-0.9618994866920023
2026-03-26 07:25:00,45.4845436509,0,0,0,0.49302494042682626,1,-0.9621492984485484
2026-03-26 07:30:00,45.451132365,0,0,0,0.4962514185911633,1,-0.9617738648302774
2026-03-26 07:35:00,45.4489176619,0,0,0,0.49252458280281036,1,-0.9615923576466161
2026-03-26 07:40:00,45.4595991006,0,0,0,0.4947146803981752,1,-0.961251174242752
2026-03-26 07:45:00,45.4527748481,0,0,0,0.49562146951381036,1,-0.961286091480338
2026-03-26 07:50:00,45.456102201,0,0,0,0.4947146803981752,1,-0.961160525069379
2026-03-26 07:55:00,45.4862497139999,0,0,0,0.4950495108388718,1,-0.961603537498145
2026-03-26 08:00:00,45.4394018564,0,0,0,0.49891644845708166,1,-0.9612230026374192
2026-03-26 08:05:00,45.5284350389,0,0,0,0.49802943329043686,1,-0.9624704329535586
2026-03-26 08:10:00,45.4519059215,0,0,0,0.501497588596405,1,-0.9622010081797333
2026-03-26 08:15:00,45.4830813111,0,0,0,0.4950495108388718,1,-0.9622755141569084
2026-03-26 08:20:00,45.4017730976,0,0,0,0.49870128534894054,1,-0.9617487938815699
2026-03-26 08:25:00,45.6748067778,0,0,0,0.4966834218659287,1,-0.9658013208672306
2026-03-26 08:30:00,45.5869922117999,0,0,0,0.4898768141437654,1,-0.9684187565305211
2026-03-26 08:35:00,45.6625994192,0,0,0,0.4867207186432657,1,-0.9699360636197768
2026-03-26 08:40:00,45.9319772498,0,0,0,0.4986278218013746,1,-0.9765515434321831
2026-03-26 08:45:00,45.9126807222,0,0,0,0.48863686468393325,1,-0.9819161775159598
2026-03-26 08:50:00,45.8755288133,0,0,0,0.4886059726634974,1,-0.9828521203766412
2026-03-26 08:55:00,45.9101799091,0,0,0,0.4861896740418075,1,-0.9843866895932183
2026-03-26 09:00:00,45.837126498,0,0,0,0.48975330700577496,1,-0.9841738296361182
2026-03-26 09:05:00,45.7924085701,0,0,0,0.4876307985392299,1,-0.9834844188818794
2026-03-26 09:10:00,45.803386715448,0,0,0,0.484246754421394,1,-0.983037920248952
2026-03-26 09:15:00,45.7842809278,0,0,0,0.48530205698050327,1,-0.9823804296183664
2026-03-26 09:20:00,46.0169836995,0,0,0,0.49351807948139487,1,-0.9829946413336232
2026-03-26 09:25:00,45.9830531769,0,0,0,0.48731857526409955,1,-0.9857611901471044
2026-03-26 09:30:00,45.9383882324,0,0,0,0.48489282627334523,1,-0.9841118684113104
2026-03-26 09:35:00,45.9852466867,0,0,0,0.4805066058321448,1,-0.9836752259546795
2026-03-26 09:40:00,45.9371802125,0,0,0,0.4840294219077246,1,-0.9836090637865901
2026-03-26 09:45:00,45.9538381705,0,0,0,0.4795322824060779,1,-0.9837185347960381
2026-03-26 09:50:00,45.9415884253,0,0,0,0.48008631315013517,1,-0.9839227497368337
2026-03-26 09:55:00,45.9706020951,0,0,0,0.47985683716826344,1,-0.984424580943259
2026-03-26 10:00:00,45.9892098395,0,0,0,0.47985683716826344,1,-0.9850998738043591
2026-03-26 10:05:00,45.9565933035,0,0,0,0.48278743159184623,1,-0.9845650178008465
2026-03-26 10:10:00,45.9819723171,0,0,0,0.4806230517839258,1,-0.9841442338337758
2026-03-26 10:15:00,46.0388340235,0,0,0,0.4850301130538441,1,-0.9836480553150037
2026-03-26 10:20:00,46.1714830807,0,0,0,0.48466938911391444,1,-0.9874908962422821
2026-03-26 10:25:00,46.0995211261,0,0,0,0.48490270301065236,1,-0.9887151962413504
2026-03-26 10:30:00,45.9657064357,0,0,0,0.4825404452283956,1,-0.9867213428543069
2026-03-26 10:35:00,45.6950570053,0,0,0,0.49927937023659336,1,-0.9843276598609532
2026-03-26 10:40:00,45.6931284122,0,0,0,0.4781731165233034,1,-0.9848286406109134
2026-03-26 10:45:00,45.6767459675,0,0,0,0.4790360477709241,1,-0.9855948606470732
2026-03-26 10:50:00,45.758117761,0,0,0,0.4806698319641117,1,-0.9864609817672549
2026-03-26 10:55:00,45.7614769039,0,0,0,0.47919461924781226,1,-0.987317738538124
2026-03-26 11:00:00,45.7086631236,0,0,0,0.48326457052464666,1,-0.9867964168693159
2026-03-26 11:05:00,45.7586052076,0,0,0,0.4800318824166034,1,-0.9867789573721995
2026-03-26 11:10:00,45.7448613326,0,0,0,0.4797777966763245,1,-0.9867604961700535
2026-03-26 11:15:00,45.7891342005,0,0,0,0.4800318824166034,1,-0.9861656553405465
2026-03-26 11:20:00,45.7975691462,0,0,0,0.4783608519246416,1,-0.9837046932240588
2026-03-26 11:25:00,45.7865062275,0,0,0,0.474583010804898,1,-0.9804315494777204
2026-03-26 11:30:00,45.7426996127999,0,0,0,0.4810735156817942,1,-0.9775016584434445
2026-03-26 11:35:00,46.3067813042,0,0,0,0.49600956249686934,1,-0.9855224053698461
2026-03-26 11:40:00,45.8049868119,0,0,0,0.5203283941630941,1,-0.9867854108340893
2026-03-26 11:45:00,45.7612967606,0,0,0,0.48276147461603763,1,-0.9867067846598196
2026-03-26 11:50:00,45.7902150604,0,0,0,0.4790197488970553,1,-0.9868245975680627
2026-03-26 11:55:00,45.6809528437,0,0,0,0.4852590371311721,1,-0.986133925712483
2026-03-26 12:00:00,45.577105523,0,0,0,0.4852590371311721,1,-0.9849080297145943
2026-03-26 12:05:00,45.8240396163,0,0,0,0.48876506407891673,1,-0.9857768987141
2026-03-26 12:10:00,45.784747181048,0,0,0,0.48276147461603763,1,-0.9886651025834368
2026-03-26 12:15:00,45.7671991032,0,0,0,0.4814507227035841,1,-0.9883733859793921
2026-03-26 12:20:00,45.8170458171,0,0,0,0.48105430426910506,1,-0.988863585365399
2026-03-26 12:25:00,45.784937921,0,0,0,0.48322062612738603,1,-0.9892090536295481
2026-03-26 12:30:00,45.8522373428,0,0,0,0.48099694508548396,1,-0.9898069378646506
2026-03-26 12:35:00,45.8271762292,0,0,0,0.47845908762744677,1,-0.9838155323058925
2026-03-26 12:40:00,45.8687787375,0,0,0,0.4766364888332642,1,-0.9845320956962306
2026-03-26 12:45:00,45.823859473,0,0,0,0.48013093129188933,1,-0.9848270082321281
2026-03-26 12:50:00,45.8881388451,0,0,0,0.47465844319978556,1,-0.9856681474692665
2026-03-26 12:55:00,45.7149787362,0,0,0,0.48561186909969284,1,-0.9843142579912122
2026-03-26 13:00:00,45.6331194961999,0,0,0,0.4813794491564379,1,-0.9820345500196307
2026-03-26 13:05:00,45.6465242779,0,0,0,0.47369597809529634,1,-0.9822687383152023
2026-03-26 13:10:00,45.6405689519,0,0,0,0.4738779282813546,1,-0.9829534802621436
2026-03-26 13:15:00,45.689207646,0,0,0,0.4763195023556623,1,-0.9835892140078804
2026-03-26 13:20:00,45.7909780203,0,0,0,0.4772067308247508,1,-0.9848696323029358
2026-03-26 13:25:00,45.7049966774,0,0,0,0.48214886655742917,1,-0.9852552700796717
2026-03-26 13:30:00,45.7648784335,0,0,0,0.47699266667305645,1,-0.9848949026523871
2026-03-26 13:35:00,46.9848937116999,0,0,0,0.5328491309889762,1,-0.9870935476440076
2026-03-26 13:40:00,48.2476347448,0,0,0,0.5136616106054186,0,-1.0249013124741337
2026-03-26 13:45:00,50.0072534174999,0,0,0,0.5216315358296371,0,-1.038201230630768
2026-03-26 13:50:00,51.5844822856,0,0,0,0.5010849528270827,0,-1.07830751110632
2026-03-26 13:55:00,53.5210016901,0,0,0,0.5027199981564668,0,-1.0725073673584653
2026-03-26 14:00:00,55.3217884077,0,0,0,0.502322757684965,0,-1.0875784743882413
2026-03-26 14:05:00,57.0936780188,0,0,0,0.49914117853679596,0,-1.0898964463854892
2026-03-26 14:10:00,59.2597105986999,0,0,0,0.48825285799879653,0,-1.0666818344560671
2026-03-26 14:15:00,60.1605119291,0,0,0,0.4687314494471072,0,-1.1282632463282796
2026-03-26 14:20:00,61.1752168157,0,0,0,0.47293159181759997,0,-1.1401310647674303
2026-03-26 14:25:00,62.8517894218,0,0,0,0.48017112193048267,0,-1.1370970327529384
2026-03-26 14:30:00,63.0650367158,0,0,0,0.44764575002226714,0,-1.1960541207652025
2026-03-26 14:35:00,65.0160417619,0,0,0,0.48105469925852534,0,-1.1805149573401268
2026-03-26 14:40:00,66.5550590547,0,0,0,0.4695466860416429,0,-1.2085769054565307
2026-03-26 14:45:00,71.2779928135,0,0,0,0.5424359772897313,0,-1.0822427966761423
2026-03-26 14:50:00,73.4160396001,0,0,0,0.5136883428163153,0,-1.194300690417216
2026-03-26 14:55:00,73.6687488761,0,0,0,0.5100360134490834,0,-1.213610784511227
2026-03-26 15:00:00,75.7126548875,0,0,0,0.5306471030065106,0,-1.236825674732728
2026-03-26 15:05:00,76.1321450798,0,0,0,0.5206904945308576,0,-1.2441484507487695
2026-03-26 15:10:00,79.2147892147999,0,0,0,0.5447776582811933,0,-1.2423461644064573
2026-03-26 15:15:00,79.3354852335,0,0,0,0.5183137982077519,0,-1.2403684606277567
2026-03-26 15:20:00,79.9114987701,0,0,0,0.5097185368024136,0,-1.2731808529380266
2026-03-26 15:25:00,81.4874878283999,0,0,0,0.5093484025289902,0,-1.2955816446534554
2026-03-26 15:30:00,83.1369541644,0,0,0,0.5104364797244623,0,-1.3056009000434514
2026-03-26 15:35:00,85.5623083393999,0,0,0,0.5269501319473465,0,-1.2983370281857944
2026-03-26 15:40:00,86.6059315257999,0,0,0,0.5182472824339666,0,-1.2959822121140636
2026-03-26 15:45:00,87.2411168419,0,1,0,0.5271975392135348,0,-1.283622216924738
2026-03-26 15:50:00,66.8927959736,0,0,0,0.653599848306857,0,-1.0794699998160853
2026-03-26 15:55:00,66.2372544633,0,0,0,0.5372051265631183,0,-1.1735261039037301
2026-03-26 16:00:00,66.7548273904,0,0,0,0.5422466070582355,0,-1.2081059802828016
2026-03-26 16:05:00,66.9618544419,0,0,0,0.5388510474843768,0,-1.2211366781612938
2026-03-26 16:10:00,70.6673705678,0,0,0,0.5551631567048476,0,-1.156101697816031
2026-03-26 16:15:00,70.7579190734999,0,0,0,0.5368943175688924,0,-1.2321232563783897
2026-03-26 16:20:00,81.1359540511,0,0,0,0.5884507416155487,1,-0.9149857048642464
2026-03-26 16:25:00,81.1524212690999,0,0,0,0.5351438776450087,0,-1.1115685289085708
2026-03-26 16:30:00,79.2997214878,0,0,0,0.5547736470434426,0,-1.0835084767601637
2026-03-26 16:35:00,68.4404177587,0,0,0,0.6005552752419402,0,-1.1331836733988416
2026-03-26 16:40:00,69.3139538691,0,0,0,0.5124512445791141,0,-1.2901171755791254
2026-03-26 16:45:00,70.4793009507,0,0,0,0.5075990650522503,0,-1.3054323450174783
2026-03-26 16:50:00,71.6069450969,0,0,0,0.5008762340769553,0,-1.3095162250637418
2026-03-26 16:55:00,73.8005290067,0,0,0,0.5057164036946223,0,-1.3134326030203187
2026-03-26 17:00:00,74.6377821349,0,0,0,0.4954616576868202,0,-1.314474754872533
2026-03-26 17:05:00,78.3310591123,0,0,0,0.5281018539660697,0,-1.2979889370059141
2026-03-26 17:10:00,78.3592250489,0,0,0,0.5025694484506581,0,-1.3083674561303307
2026-03-26 17:15:00,72.5039528211,0,0,0,0.5483175655141671,0,-1.212197738801467
2026-03-26 17:20:00,73.9245523783,0,0,0,0.49923710392876036,0,-1.2924828761825815
2026-03-26 17:25:00,75.9613162372,0,0,0,0.5151255397903012,0,-1.283266616156751
2026-03-26 17:30:00,77.1915572976,0,0,0,0.508157891335202,0,-1.278307345818421
2026-03-26 17:35:00,78.3580276257,0,0,0,0.5055026860813859,0,-1.2764067640021308
2026-03-26 17:40:00,79.832839723,0,0,0,0.5090297809947664,0,-1.28063494986134
2026-03-26 17:45:00,82.0038951221999,0,0,0,0.5185431487236963,0,-1.2926458365448952
2026-03-26 17:50:00,84.4356496831,0,0,0,0.5250927145749034,0,-1.304256602401635
2026-03-26 17:55:00,84.8242294025,0,0,0,0.5100337155694683,0,-1.2990092816943224
2026-03-26 18:00:00,86.7297111741,0,1,0,0.5298222518883167,0,-1.299203398707734
2026-03-26 18:05:00,88.2221031392,0,1,0,0.544360551836991,0,-1.2555893145299055
2026-03-26 18:10:00,76.6359847284999,0,0,0,0.6038543251397526,0,-1.1794031846030295
2026-03-26 18:15:00,77.0996630154,0,0,0,0.5195964645274989,0,-1.2830394316990459
2026-03-26 18:20:00,77.5545778601,0,0,0,0.5118304213565033,0,-1.2819192316656238
2026-03-26 18:25:00,78.9068713123,0,0,0,0.5097044356537545,0,-1.2970260199452546
2026-03-26 18:30:00,80.6983541577,0,0,0,0.518809014244503,0,-1.3059599286104966
2026-03-26 18:35:00,82.0533709529,0,0,0,0.5086236207717406,0,-1.3085192914409158
2026-03-26 18:40:00,83.3717232859,0,0,0,0.5130826590226959,0,-1.307605150985476
2026-03-26 18:45:00,85.017735109,0,0,0,0.51160947066224,0,-1.3027914593297316
2026-03-26 18:50:00,86.0199571237,0,0,0,0.5118586573380741,0,-1.2899432643675115
2026-03-26 18:55:00,85.459118012,0,0,0,0.5207561427530939,0,-1.2574121670348037
2026-03-26 19:00:00,86.8789440126,0,1,0,0.5188240087429156,0,-1.2845019520885586
2026-03-26 19:05:00,88.6370897487,0,1,0,0.5368193541035845,0,-1.2626801398221765
2026-03-26 19:10:00,81.5146470816999,0,0,0,0.572308909522269,0,-1.101159757958697
2026-03-26 19:15:00,81.2476958875,0,0,0,0.5286676327086991,0,-1.2597959057499593
2026-03-26 19:20:00,81.5032238765,0,0,0,0.5211748351769828,0,-1.256060019500718
2026-03-26 19:25:00,82.6093355986,0,0,0,0.5194540530441947,0,-1.254008930916623
2026-03-26 19:30:00,83.7640012415,0,0,0,0.5141533605805395,0,-1.2488682657303556
2026-03-26 19:35:00,88.2212342127,0,1,0,0.557635843745624,0,-1.161632198242392
2026-03-26 19:40:00,88.3707849511,0,1,0,0.5220713729092401,0,-1.2246613138216684
2026-03-26 19:45:00,87.7702613275,0,1,0,0.5228500975627692,0,-1.2103700956305536
2026-03-26 19:50:00,83.3077936036,0,0,0,0.5503412030091386,0,-1.1075058725637053
2026-03-26 19:55:00,88.7081086001,0,1,0,0.5780987988915071,0,-1.117422139736091
2026-03-26 20:00:00,85.6166162495,0,0,0,0.5445155152108144,0,-1.1367317537106965
2026-03-26 20:05:00,87.9061317709999,0,1,0,0.5379778603069096,0,-1.2371656334833945
2026-03-26 20:10:00,87.7617522052,0,1,0,0.5228659837781663,0,-1.2139266805552003
2026-03-26 20:15:00,87.8651756593,0,1,0,0.5243447504518554,0,-1.2069704275587636
2026-03-26 20:20:00,87.8024751903,0,1,0,0.5277253917706471,0,-1.1860271357540901
2026-03-26 20:25:00,88.0933112682,0,1,0,0.5386749397789171,0,-1.168534744249005
2026-03-26 20:30:00,87.8166959152,0,1,0,0.5508023928199438,0,-1.1384747850563575
2026-03-26 20:35:00,87.7999531839,0,1,0,0.5459278979665672,0,-1.142778534377985
2026-03-26 20:40:00,87.8340426564,0,1,0,0.5444524260562194,0,-1.142352581469
2026-03-26 20:45:00,87.7848847257,0,1,0,0.5444524260562194,0,-1.140951220002373
2026-03-26 20:50:00,87.9155839965,0,1,0,0.5676199660390517,0,-1.0835248483840048
2026-03-26 20:55:00,87.9086113907,0,1,0,0.5696230118713992,0,-1.0768676599457465
2026-03-26 21:00:00,87.8572175636,0,1,0,0.5789528910364077,0,-1.0196137437887278
2026-03-26 21:05:00,84.8653550608,0,0,0,0.5816746077826601,0,-1.0132438140880573
2026-03-26 21:10:00,84.8394886007,0,0,0,0.5370154788856211,0,-1.1243670818039642
2026-03-26 21:15:00,84.8685128671,0,0,0,0.532203682277838,0,-1.1417493156650038
2026-03-26 21:20:00,84.8518866990999,0,0,0,0.5311778430313111,0,-1.152535492803908
2026-03-26 21:25:00,84.9340744358,0,0,0,0.527595929856348,0,-1.1601613219026623
2026-03-26 21:30:00,84.8580539584,0,0,0,0.5247225639281374,0,-1.1619691442625995
2026-03-26 21:35:00,84.8657683308,0,0,0,0.5238554006293799,0,-1.1664995304874684
2026-03-26 21:40:00,84.8948879673,0,0,0,0.5237891747567655,0,-1.1701350358352358
2026-03-26 21:45:00,84.8423708936,0,0,0,0.5224588949999551,0,-1.1685868712061669
2026-03-26 21:50:00,84.9676446717,0,0,0,0.518064088490204,0,-1.162690472623368
2026-03-26 21:55:00,84.8428795336,0,0,0,0.5269705809304223,0,-1.138847625165184
2026-03-26 22:00:00,84.9156468347,0,0,0,0.539134967281501,0,-1.059854228413336
2026-03-26 22:05:00,85.0888493303,0,0,0,0.5371108591222702,0,-1.0684281092551986
2026-03-26 22:10:00,60.1170444078,0,0,1,0.6830484271215251,0,-1.074726943298109
2026-03-26 22:15:00,60.0938695005999,0,0,0,0.5898524682230296,0,-1.0926834100663987
2026-03-26 22:20:00,60.0890374212,0,0,0,0.5945968140937896,0,-1.1600695267876688
2026-03-26 22:25:00,60.1349315788999,0,0,0,0.6023782131400632,0,-1.1951706128943576
2026-03-26 22:30:00,51.5009911590999,0,0,1,0.680756285573996,0,-1.0800541081466364
2026-03-26 22:35:00,48.9569437352,0,0,0,0.6712367187272661,0,-1.1529893539768996
2026-03-26 22:40:00,48.0389016302,0,0,0,0.663887268483558,0,-1.1080482613906122
2026-03-26 22:45:00,47.9879210731,0,0,0,0.6403212857751427,0,-1.060359107459822
2026-03-26 22:50:00,47.6728186314,0,0,0,0.6456878222292715,0,-1.031758926546344
2026-03-26 22:55:00,47.4242208616,0,0,0,0.6186688372072245,1,-1.0047534477623858
2026-03-26 23:00:00,47.4750318721,0,0,0,0.5790823275119222,1,-0.9799560740028177
2026-03-26 23:05:00,46.9498399427,0,0,0,0.5414939995454656,0,-1.0303473596671602
2026-03-26 23:10:00,47.045368881048,0,0,0,0.521066914802576,0,-1.0278772551538071
2026-03-26 23:15:00,46.9836856919,0,0,0,0.5183818166727022,0,-1.0451335187725765
2026-03-26 23:20:00,46.9652686875,0,0,0,0.5082343768464668,0,-1.0803002130851587
2026-03-26 23:25:00,47.0040418861,0,0,0,0.49479204511181013,0,-1.1019580248159986
2026-03-26 23:30:00,46.9900330944,0,0,0,0.4676930606467842,0,-1.0721844707917836
2026-03-26 23:35:00,47.038205535252,0,0,0,0.46190156077296524,0,-1.0586076010849366
2026-03-26 23:40:00,47.003957112752,0,0,0,0.46827176404397175,0,-1.0536809759164565
2026-03-26 23:45:00,46.9609664413,0,0,0,0.460775305528758,0,-1.0458187419421905
2026-03-26 23:50:00,47.0327376559,0,0,0,0.4553243525700834,0,-1.0403448984313293
2026-03-26 23:55:00,46.9339979279,0,0,0,0.45930469098504245,0,-1.0374408409011542
2026-03-27 00:00:00,46.9947698039,0,0,0,0.4558686463742722,0,-1.0286877002065706
2026-03-27 00:05:00,46.9641348443,0,0,0,0.455814306700036,0,-1.0289886827300097
2026-03-27 00:10:00,46.9547356021,0,0,0,0.4553733089506125,0,-1.0282901328474225
2026-03-27 00:15:00,46.9555197553,0,0,0,0.45506531380592674,0,-1.028182303734341
2026-03-27 00:20:00,46.9813120388,0,0,0,0.4550695954229532,0,-1.0282113698993374
2026-03-27 00:25:00,46.9868011115,0,0,0,0.4545401578756354,0,-1.0283448458640922
2026-03-27 00:30:00,46.9205401629,0,0,0,0.4604882807428454,0,-1.028172707422512
2026-03-27 00:35:00,47.0512818203,0,0,0,0.4655623459321169,0,-1.0280842082280748
2026-03-27 00:40:00,46.9985846034,0,0,0,0.45740702440678405,0,-1.0291629123039452
2026-03-27 00:45:00,46.9398790772,0,0,0,0.4581182099545891,0,-1.0283704762864005
2026-03-27 00:50:00,46.9598749847999,0,0,0,0.45436314256323757,0,-1.02752446993337
2026-03-27 00:55:00,47.1804763646,0,0,0,0.4646780989331381,0,-1.0305344564496488
2026-03-27 01:00:00,47.022628437147,0,0,0,0.4657606764748467,0,-1.0321989200938224
2026-03-27 01:05:00,46.914235147,0,0,0,0.45887270739907604,0,-1.0305346175150643
2026-03-27 01:10:00,46.9996018833,0,0,0,0.45921657704583935,0,-1.0299737558593092
2026-03-27 01:15:00,46.908534141,0,0,0,0.4584512443537107,0,-1.030386596686771
2026-03-27 01:20:00,46.8999402454,0,0,0,0.45173725329139575,0,-1.0297672724417737
2026-03-27 01:25:00,46.9408645671,0,0,0,0.452795544911056,0,-1.0298023518463935
2026-03-27 01:30:00,46.9765117494,0,0,0,0.45248929325636567,0,-1.0302218496719666
2026-03-27 01:35:00,46.9616764179,0,0,0,0.4518934092879121,0,-1.0301011217540736
2026-03-27 01:40:00,46.9287949652,0,0,0,0.45318429463124976,0,-1.0296814371631735
2026-03-27 01:45:00,47.1672941129,0,0,0,0.46448105847088955,0,-1.0311124052681597
2026-03-27 01:50:00,47.1889854868999,0,0,0,0.45074101139446343,0,-1.0356452147086057
2026-03-27 01:55:00,47.0408123149,0,0,0,0.4618998607782715,0,-1.0335903071353776
2026-03-27 02:00:00,47.0424230081,0,0,0,0.4520208101892646,0,-1.0326375569267463
2026-03-27 02:05:00,46.9079725178,0,0,0,0.4619494707125267,0,-1.0316176094062355
2026-03-27 02:10:00,46.9217375861,0,0,0,0.45224122949906,0,-1.0307721711152158
2026-03-27 02:15:00,47.177074835,0,0,0,0.4684733638576353,0,-1.0320226638642283
2026-03-27 02:20:00,46.9661800007,0,0,0,0.46878731033245946,0,-1.0333317605465557
2026-03-27 02:25:00,46.9262941522,0,0,0,0.45527089616526356,0,-1.0319297680512842
2026-03-27 02:30:00,47.01219072175,0,0,0,0.45483245256322447,0,-1.0318523402623725
2026-03-27 02:35:00,47.0421580914,0,0,0,0.44809169534238064,0,-1.0328363539163938
2026-03-27 02:40:00,47.0663184884999,0,0,0,0.4469590065436592,0,-1.0330472484830426
2026-03-27 02:45:00,46.9980971568,0,0,0,0.4534694414597858,0,-1.0319960969762978
2026-03-27 02:50:00,47.0164187911999,0,0,0,0.4496248875700366,0,-1.0301473854908503
2026-03-27 02:55:00,46.9993793533,0,0,0,0.453020262733906,0,-1.030067475895433
2026-03-27 03:00:00,46.9923643607999,0,0,0,0.4528637173426361,0,-1.0297023748971459
2026-03-27 03:05:00,47.1797875814,0,0,0,0.45586246304540134,0,-1.0309484131211062
2026-03-27 03:10:00,46.9993157733,0,0,0,0.45992987493962206,0,-1.0313616062759756
2026-03-27 03:15:00,47.0185699143,0,0,0,0.44553518187173313,0,-1.0290775878218439
2026-03-27 03:20:00,47.0379830053,0,0,0,0.44553518187173313,0,-1.0292396501740557
2026-03-27 03:25:00,47.029505673,0,0,0,0.44553098996122126,0,-1.0288403716076493
2026-03-27 03:30:00,47.0020920996,0,0,0,0.4485383103499965,0,-1.028568532424119
2026-03-27 03:35:00,47.0064685224,0,0,0,0.44531803104409506,0,-1.028283075881145
2026-03-27 03:40:00,47.0806133901,0,0,0,0.4490940815976467,0,-1.0286546001340449
2026-03-27 03:45:00,47.034570879,0,0,0,0.4501056040890222,0,-1.029044022075014
2026-03-27 03:50:00,47.0166731112,0,0,0,0.4459866469896461,0,-1.0285123992989678
2026-03-27 03:55:00,47.1397003962,0,0,0,0.4527617867203738,0,-1.029359139135225
2026-03-27 04:00:00,47.0190679576,0,0,0,0.4528311924047369,0,-1.0296990624673321
2026-03-27 04:05:00,47.0135364983,0,0,0,0.4477050029832672,0,-1.0273553041294237
2026-03-27 04:10:00,47.0736619776,0,0,0,0.44969267051361334,0,-1.027611609906745
2026-03-27 04:15:00,47.0916657121,0,0,0,0.4463551154987291,0,-1.0284746575078052
2026-03-27 04:20:00,47.0837394064,0,0,0,0.4482294588665094,0,-1.028692819274211
2026-03-27 04:25:00,47.0547469299,0,0,0,0.4515604100988703,0,-1.0284047542607775
2026-03-27 04:30:00,47.0661277484999,0,0,0,0.4499248157957733,0,-1.0280552930375533
2026-03-27 04:35:00,47.0672721884,0,0,0,0.4494013637933802,0,-1.027960443983853
2026-03-27 04:40:00,46.9990826467,0,0,0,0.45658280621177455,0,-1.027623143348586
2026-03-27 04:45:00,47.0200746408,0,0,0,0.4488406242690296,0,-1.0272074412517658
2026-03-27 04:50:00,47.0516527036,0,0,0,0.4503647844504449,0,-1.0274305299325708
2026-03-27 04:55:00,47.1302481707,0,0,0,0.4539754017872111,0,-1.0278562022326034
2026-03-27 05:00:00,47.0567285063,0,0,0,0.45658280621177455,0,-1.0280243260672464
2026-03-27 05:05:00,47.0564741863999,0,0,0,0.4506201280634934,0,-1.027274437856426
2026-03-27 05:10:00,47.0935201284999,0,0,0,0.4481739612724187,0,-1.0275020368991923
2026-03-27 05:15:00,47.03548219225,0,0,0,0.4542328363717669,0,-1.0273398235950302
2026-03-27 05:20:00,47.092142562,0,0,0,0.4484772922446083,0,-1.0271558800050828
2026-03-27 05:25:00,47.10180672085,0,0,0,0.44691274986073415,0,-1.0278985438864268
2026-03-27 05:30:00,47.12564921795,0,0,0,0.4463551154987291,0,-1.0284186333675869
2026-03-27 05:35:00,47.194082483,0,0,0,0.44606025729614845,0,-1.0299895162989294
2026-03-27 05:40:00,47.4892737904,0,0,0,0.4496558310499609,0,-1.03614284980097
2026-03-27 05:45:00,48.0632315739,0,0,0,0.45799267097267937,0,-1.0492521180607213
2026-03-27 05:50:00,47.6599330863,0,0,0,0.47111408375771,0,-1.0575241084529763
2026-03-27 05:55:00,47.484939754248,0,0,0,0.45107966033238195,0,-1.0561016260791134
2026-03-27 06:00:00,47.4746821822,0,0,0,0.4386926428033664,0,-1.0552031695348771
2026-03-27 06:05:00,47.508506738048,0,0,0,0.4371167186475401,0,-1.0552871993365387
2026-03-27 06:10:00,47.4167925991999,0,0,0,0.44981280675094093,0,-1.0546405487573163
2026-03-27 06:15:00,47.432602823947,0,0,0,0.43689667579310554,0,-1.0531411559357777
2026-03-27 06:20:00,47.4500979185,0,0,0,0.4366814395739838,0,-1.0524745057456764
2026-03-27 06:25:00,47.4201305487999,0,0,0,0.44020613307816336,0,-1.051252181314494
2026-03-27 06:30:00,47.4674022730479,0,0,0,0.42842142915675385,0,-1.0497498998787944
2026-03-27 06:35:00,47.407838417,0,0,0,0.4384305690361152,0,-1.0486144238663788
2026-03-27 06:40:00,47.443496196,0,0,0,0.429998561591913,0,-1.0482938741922267
2026-03-27 06:45:00,47.2854257384999,0,0,0,0.4568208723170614,0,-1.0396649195457592
2026-03-27 06:50:00,47.3783796872,0,0,0,0.4364845865604923,0,-1.0367878466464426
2026-03-27 06:55:00,47.330949013,0,0,0,0.4370379914519782,0,-1.0374753398720333
2026-03-27 07:00:00,47.3320086795,0,0,0,0.4306504189250533,0,-1.037025436892162
2026-03-27 07:05:00,47.336522859,0,0,0,0.43132898186530655,0,-1.0363751947205306
2026-03-27 07:10:00,47.319112537751,0,0,0,0.4326222295272035,0,-1.0363584696736592
2026-03-27 07:15:00,47.3280879132999,0,0,0,0.43283984412170556,0,-1.0360779375325115
2026-03-27 07:20:00,47.3436226248,0,0,0,0.43334400566053255,0,-1.035749292820382
2026-03-27 07:25:00,47.3511780472,0,0,0,0.43283984412170556,0,-1.0356105513008609
2026-03-27 07:30:00,47.3435272548,0,0,0,0.4356434991848511,0,-1.034593153653008
2026-03-27 07:35:00,47.2646880644,0,0,0,0.45241105035306617,0,-1.0339428561492734
2026-03-27 07:40:00,47.341842385,0,0,0,0.44436310563780546,0,-1.032490655829779
2026-03-27 07:45:00,47.3405283985,0,0,0,0.44065120946531805,0,-1.0330009744556947
2026-03-27 07:50:00,47.5425856139,0,0,0,0.4342928964327675,0,-1.0362706948061373
2026-03-27 07:55:00,47.3348061992,0,0,0,0.4586426936649334,0,-1.0367657462632216
2026-03-27 08:00:00,47.4972212894,0,0,0,0.43366308673001686,0,-1.0372173638386273
2026-03-27 08:05:00,47.274733703149,0,0,0,0.46608163608845343,0,-1.0371243150818539
2026-03-27 08:10:00,47.3621244025,0,0,0,0.43790850730335834,0,-1.0364058068886537
2026-03-27 08:15:00,47.3376778955,0,0,0,0.4349206915055947,0,-1.037066285598707
2026-03-27 08:20:00,47.3288614699,0,0,0,0.43288497378216345,0,-1.036783795102758
2026-03-27 08:25:00,47.3669352886,0,0,0,0.43295852601921336,0,-1.036870815455788
2026-03-27 08:30:00,47.3231710606,0,0,0,0.43909570679334603,0,-1.0369127611231206
2026-03-27 08:35:00,47.2730594299999,0,0,0,0.44693010835698976,0,-1.0361655244875607
2026-03-27 08:40:00,47.358023493,0,0,0,0.43790850730335834,0,-1.0361130322877037
2026-03-27 08:45:00,47.289516051351,0,0,0,0.4483313688172768,0,-1.0365606294011112
2026-03-27 08:50:00,47.5641498278999,0,0,0,0.4432685107914641,0,-1.0365683050062666
2026-03-27 08:55:00,47.2761854463,0,0,0,0.47109890670590154,0,-1.0372539559132903
2026-03-27 09:00:00,47.3934375487,0,0,0,0.4395054226726499,0,-1.0358130122484894
2026-03-27 09:05:00,47.3161454714,0,0,0,0.443162745255706,0,-1.0363240343830502
2026-03-27 09:10:00,47.3508919372,0,0,0,0.4338382199415898,0,-1.035903543356196
2026-03-27 09:15:00,47.3520045871,0,0,0,0.432617350901671,0,-1.036191865515499
2026-03-27 09:20:00,47.359146739549,0,0,0,0.432617350901671,0,-1.0362276108509965
2026-03-27 09:25:00,47.4118651498,0,0,0,0.43246986438995993,0,-1.036683517734534
2026-03-27 09:30:00,47.3233512038999,0,0,0,0.44346268456046817,0,-1.0365003940455675
2026-03-27 09:35:00,47.3898558758,0,0,0,0.43246986438995993,0,-1.0360324390021958
2026-03-27 09:40:00,47.4529802115,0,0,0,0.42885608812437676,0,-1.037298201655987
2026-03-27 09:45:00,47.4252911248,0,0,0,0.43232269470927553,0,-1.0376042181936753
2026-03-27 09:50:00,47.4248778549,0,0,0,0.4291172040439179,0,-1.0355708585641559
2026-03-27 09:55:00,47.4247506949,0,0,0,0.4301720275317812,0,-1.0351422308174811
2026-03-27 10:00:00,47.4628774969,0,0,0,0.42483021691009437,0,-1.0357568289544692
2026-03-27 10:05:00,47.3724879413,0,0,0,0.4445621304298916,0,-1.0350989917411355
2026-03-27 10:10:00,47.4155104027,0,0,0,0.434129110881133,0,-1.0346148313464876
2026-03-27 10:15:00,47.3205536842,0,0,0,0.4445621304298916,0,-1.0345237091598203
2026-03-27 10:20:00,47.4619767804,0,0,0,0.43455336088291713,0,-1.0345691294691541
2026-03-27 10:25:00,47.6232898174,0,0,0,0.43313152186381043,0,-1.0388750837811769
2026-03-27 10:30:00,46.8578608872,0,0,0,0.49371055386993207,0,-1.0325022022191594
2026-03-27 10:35:00,46.8951717459999,0,0,0,0.45203290582783556,0,-1.038675083189004
2026-03-27 10:40:00,46.9229032193,0,0,0,0.45472551939027317,0,-1.0401749619138758
2026-03-27 10:45:00,46.8501465148,0,0,0,0.46031490031537314,0,-1.0407535199299154
2026-03-27 10:50:00,46.8864506904,0,0,0,0.45842631797486055,0,-1.0404715026987033
2026-03-27 10:55:00,46.9140338104,0,0,0,0.4602832308058589,0,-1.0404659537706284
2026-03-27 11:00:00,46.9682887371,0,0,0,0.45935775787393757,0,-1.0397091989017289
2026-03-27 11:05:00,46.927915442,0,0,0,0.46059802211072043,0,-1.03895742926618
2026-03-27 11:10:00,46.8898946066,0,0,0,0.46028649319219667,0,-1.0367238506163068
2026-03-27 11:15:00,47.1465670354,0,0,0,0.4729317071632767,0,-1.0359311357359964
2026-03-27 11:20:00,46.9636262043,0,0,0,0.46878723590880994,0,-1.034392988361324
2026-03-27 11:25:00,46.8876163236,0,0,0,0.45713543055964156,0,-1.0229468512308557
2026-03-27 11:30:00,46.8579138705,0,0,0,0.4528925125109093,0,-1.0221767990936304
2026-03-27 11:35:00,46.8397193961,0,0,0,0.4509284972899036,0,-1.0219710964889075
2026-03-27 11:40:00,46.9133980104,0,0,0,0.45454846388678843,0,-1.0221845696938368
2026-03-27 11:45:00,46.922500546,0,0,0,0.4502524726025583,0,-1.022806675603157
2026-03-27 11:50:00,46.9061710846,0,0,0,0.44984285412858244,0,-1.0227217893484462
2026-03-27 11:55:00,46.9062134713,0,0,0,0.449687406720591,0,-1.0225627784506934
2026-03-27 12:00:00,46.9059803447,0,0,0,0.449687406720591,0,-1.0223883345383642
2026-03-27 12:05:00,46.8638162131,0,0,0,0.45338083913690563,0,-1.0220861804431929
2026-03-27 12:10:00,46.9267286155,0,0,0,0.4507408961340315,0,-1.0221104778111396
2026-03-27 12:15:00,46.872908152,0,0,0,0.4569385262552984,0,-1.0188699563810673
2026-03-27 12:20:00,46.4834806994,0,0,0,0.48768399636151544,0,-1.0183401237225687
2026-03-27 12:25:00,46.4805878097,0,0,0,0.4615212577785682,0,-1.0196717038990952
2026-03-27 12:30:00,46.4451313674,0,0,0,0.46646718357777733,0,-1.020838850214589
2026-03-27 12:35:00,46.5069311199,0,0,0,0.46693242388192924,0,-1.0214221267288732
2026-03-27 12:40:00,46.789681942148,0,0,0,0.4764945302590474,0,-1.022160797428008
2026-03-27 12:45:00,47.0297070096,0,0,0,0.4706647689481695,0,-1.0272992306578692
2026-03-27 12:50:00,46.9933922374,0,0,0,0.4604705688999931,0,-1.0305591785673356
2026-03-27 12:55:00,46.9181453164999,0,0,0,0.46316607543849697,0,-1.0297202591199197
2026-03-27 13:00:00,47.0035438428,0,0,0,0.4638180827565516,0,-1.0301589741590265
2026-03-27 13:05:00,46.9140232137,0,0,0,0.46379324333250643,0,-1.030449221114901
2026-03-27 13:10:00,46.9478583662,0,0,0,0.4619880586188374,0,-1.0301140266855253
2026-03-27 13:15:00,46.8689449992,0,0,0,0.46642589994912875,0,-1.0297427878461305
2026-03-27 13:20:00,46.9425070502,0,0,0,0.45737776367774674,0,-1.029174907758046
2026-03-27 13:25:00,46.8499557748,0,0,0,0.4591816190790471,0,-1.0278208835139018
2026-03-27 13:30:00,46.8745506352,0,0,0,0.45283821125044127,0,-1.0246977283832546
2026-03-27 13:35:00,47.2783047793999,0,0,0,0.47250220836108525,0,-1.0248121371042278
2026-03-27 13:40:00,48.3382574271,0,0,0,0.47571357075484905,0,-1.036454004638063
2026-03-27 13:45:00,50.1358015651,0,0,0,0.4843727177383022,0,-1.0433083229035733
2026-03-27 13:50:00,51.9528859541,0,0,0,0.49781266268762175,0,-1.0795984816281332
2026-03-27 13:55:00,53.3271039069999,0,0,0,0.48160276724286866,0,-1.12677337513383
2026-03-27 14:00:00,54.5824696609,0,0,0,0.4801659811868361,0,-1.1426310777608784
2026-03-27 14:05:00,56.2217420049,0,0,0,0.49122589875033895,0,-1.127242960382408
2026-03-27 14:10:00,59.1427552029,0,0,0,0.48948462817072214,0,-1.039207280884393
2026-03-27 14:15:00,59.6863535401,0,0,0,0.45777890779135144,0,-1.1602268158429716
2026-03-27 14:20:00,61.2139264343,0,0,0,0.47058559080507195,0,-1.1380138909182722
2026-03-27 14:25:00,62.8815130682,0,0,0,0.47580544590240836,0,-1.143446232861467
2026-03-27 14:30:00,65.2410301612,0,0,0,0.48502599836036975,0,-1.1282497166475733
2026-03-27 14:35:00,66.2641276067,0,0,0,0.47103022517544546,0,-1.1861770453146598
2026-03-27 14:40:00,67.1792450321,0,0,0,0.4754643960169141,0,-1.2099917435075875
2026-03-27 14:45:00,68.163601069,0,0,0,0.4837824188576636,0,-1.2275958159239826
2026-03-27 14:50:00,71.2975012745,0,0,0,0.5144964768558212,0,-1.1899457465362866
2026-03-27 14:55:00,70.9389736981,0,0,0,0.49321146040866665,0,-1.2328301392911816
2026-03-27 15:00:00,71.5008512830999,0,0,0,0.4901999368057194,0,-1.2608289716685692
2026-03-27 15:05:00,73.4897500045,0,0,0,0.5036658679794349,0,-1.2646419099178232
2026-03-27 15:10:00,76.4556188871,0,0,0,0.5220917032134066,0,-1.2609848131544574
2026-03-27 15:15:00,75.9693697029,0,0,0,0.5114626648814642,0,-1.2595187356460962
2026-03-27 15:20:00,81.9478917456999,0,0,0,0.5493268426565343,0,-1.1883194273150195
2026-03-27 15:25:00,85.6127484666,0,0,0,0.5435518098231372,0,-1.2207026468815505
2026-03-27 15:30:00,85.7294283491,0,0,0,0.5236770052561951,0,-1.1824608688668734
2026-03-27 15:35:00,85.2283756234,0,0,0,0.5243089110213467,0,-1.174765672525104
2026-03-27 15:40:00,85.6429807529,0,0,0,0.5218487643013997,0,-1.2126539301121966
2026-03-27 15:45:00,86.1968154689,0,0,0,0.5173608190630083,0,-1.2261565213567402
2026-03-27 15:50:00,86.5890616345,0,0,0,0.5226726509092915,0,-1.2242172740738109
2026-03-27 15:55:00,88.6633270921999,0,1,0,0.5409556489394194,0,-1.230122405327264
2026-03-27 16:00:00,89.5369055892999,0,1,0,0.5332481345372163,0,-1.2307135261863602
2026-03-27 16:05:00,65.2021192059,0,0,0,0.6629924988918735,0,-1.073670188658116
2026-03-27 16:10:00,67.1496167557,0,0,0,0.5518365506755294,0,-1.1312803930591044
2026-03-27 16:15:00,68.4528052605,0,0,0,0.5559362574747504,0,-1.1718515290201736
2026-03-27 16:20:00,70.1483035109,0,0,0,0.5593591562834771,0,-1.176093389097962
2026-03-27 16:25:00,71.8480086375,0,0,0,0.5491632504246143,0,-1.1836491163983878
2026-03-27 16:30:00,75.2153639779,0,0,0,0.5571635238331493,0,-1.1354280652700697
2026-03-27 16:35:00,75.790031738,0,0,0,0.534882045195347,0,-1.1911727703409642
2026-03-27 16:40:00,75.8621738359,0,0,0,0.53263421983673,0,-1.2069983081616942
2026-03-27 16:45:00,70.1920783356,0,0,0,0.5688067798514806,0,-1.1138166439651065
2026-03-27 16:50:00,72.5100776937,0,0,0,0.5254755461702373,0,-1.2875726177697702
2026-03-27 16:55:00,72.8741897127,0,0,0,0.497374947042039,0,-1.315486429431828
2026-03-27 17:00:00,73.9289817844,0,0,0,0.49832521315426986,0,-1.2636942455937503
2026-03-27 17:05:00,75.2743768074,0,0,0,0.4964019199425566,0,-1.24455040780674
2026-03-27 17:10:00,87.6768729155,0,1,0,0.5883541099809647,0,-1.0257831357545875
2026-03-27 17:15:00,87.75020184,0,1,0,0.517638868345741,0,-1.2003807796176864
2026-03-27 17:20:00,85.8542676639,0,0,0,0.5343962505993448,0,-1.1443317912863507
2026-03-27 17:25:00,72.8362960373,0,0,0,0.6024035192751197,0,-1.24113315367798
2026-03-27 17:30:00,74.5734497794,0,0,0,0.5094943595583422,0,-1.310422958584702
2026-03-27 17:35:00,74.0331787951,0,0,0,0.5109800624650814,0,-1.285119835209084
2026-03-27 17:40:00,75.4438598735,0,0,0,0.5113538145180215,0,-1.3168320019476758
2026-03-27 17:45:00,77.3229135616,0,0,0,0.5072625357902371,0,-1.32571423639521
2026-03-27 17:50:00,78.3975425909,0,0,0,0.49834425979843566,0,-1.3271434589402167
2026-03-27 17:55:00,82.7982529489,0,0,0,0.5228960578458969,0,-1.2857844998955181
2026-03-27 18:00:00,82.942780868,0,0,0,0.49869162359790603,0,-1.300951413501632
2026-03-27 18:05:00,81.594948612,0,0,0,0.5171101885376905,0,-1.265098547546449
2026-03-27 18:10:00,83.0081834867,0,0,0,0.49791169570513544,0,-1.337149714766056
2026-03-27 18:15:00,84.3829842562,0,0,0,0.4976364423272743,0,-1.3386106014552757
2026-03-27 18:20:00,88.5863423182,0,1,0,0.5476829128967832,0,-1.260601327041355
2026-03-27 18:25:00,87.5669643022,0,1,0,0.5361220180037185,0,-1.2387084773935109
2026-03-27 18:30:00,79.9201668423,0,0,0,0.5603315027041391,0,-1.1675224633764272
2026-03-27 18:35:00,79.9036572377,0,0,0,0.4946210169810103,0,-1.3055808417538186
2026-03-27 18:40:00,79.5821226201,0,0,0,0.4990284072783464,0,-1.2897472720220868
2026-03-27 18:45:00,85.4382955645,0,0,0,0.5441984399242571,0,-1.1867603352330227
2026-03-27 18:50:00,85.8588348267,0,0,0,0.48907827302444357,0,-1.3123589143342846
2026-03-27 18:55:00,86.2646341273,0,0,0,0.4889453827412323,0,-1.3109157555458153
2026-03-27 19:00:00,86.3733029308,0,0,0,0.4930718824400436,0,-1.305019366808599
2026-03-27 19:05:00,86.5265307121,0,0,0,0.4948922672236017,0,-1.3017600808160237
2026-03-27 19:10:00,85.716447434,0,0,0,0.5089590507743118,0,-1.2825437243775184
2026-03-27 19:15:00,86.1722947852,0,0,0,0.4909862871634451,0,-1.304201120525092
2026-03-27 19:20:00,87.9716085662999,0,1,0,0.5113545468346503,0,-1.3008051867716155
2026-03-27 19:25:00,81.9331835742,0,0,0,0.5519055934878397,0,-1.1444631263775893
2026-03-27 19:30:00,85.4242231929,0,0,0,0.5130759597468617,0,-1.2569101708319075
2026-03-27 19:35:00,85.7258890628,0,0,0,0.48630826089218165,0,-1.2787128590675378
2026-03-27 19:40:00,86.5565934518,0,0,0,0.507347156232805,0,-1.228663983798051
2026-03-27 19:45:00,89.2111958856,0,1,0,0.5316283516076986,0,-1.2138664983285905
2026-03-27 19:50:00,88.0387702315,0,1,0,0.5207624285899547,0,-1.2140567004382359
2026-03-27 19:55:00,90.0201877072,0,1,0,0.5240838258582434,0,-1.238705597465645
2026-03-27 20:00:00,89.5864661933,0,1,0,0.5188010192705592,0,-1.232893057796348
2026-03-27 20:05:00,85.3089738602,0,0,0,0.5435567562576108,0,-1.1310781175395712
2026-03-27 20:10:00,85.2788899272,0,0,0,0.4936041452974825,0,-1.2587864772764827
2026-03-27 20:15:00,85.7911009415999,0,0,0,0.4951024472574827,0,-1.2656094654558532
2026-03-27 20:20:00,85.3229932485,0,0,0,0.5023655967132916,0,-1.2559151536461364
2026-03-27 20:25:00,85.3806814948,0,0,0,0.49710707502261336,0,-1.2408616542057525
2026-03-27 20:30:00,85.3203122922,0,0,0,0.49710707502261336,0,-1.239738247646897
2026-03-27 20:35:00,85.3277405546,0,0,0,0.49437387893232604,0,-1.241937568054799
2026-03-27 20:40:00,82.4618406132,0,0,0,0.5316994609459533,0,-1.1844666373838437
2026-03-27 20:45:00,82.4084440164,0,0,0,0.4983353475585389,0,-1.2516616206774813
2026-03-27 20:50:00,82.6161492544,0,0,0,0.4929825186505675,0,-1.2638298506694992
2026-03-27 20:55:00,82.4213083681,0,0,0,0.4953400476311226,0,-1.2499689228938473
2026-03-27 21:00:00,82.0619860418,0,0,0,0.5078338514894375,0,-1.217626071649917
2026-03-27 21:05:00,82.0790996564,0,0,0,0.5015866177272649,0,-1.2268592082379908
2026-03-27 21:10:00,82.1043938967,0,0,0,0.5019260991999512,0,-1.229226138054718
2026-03-27 21:15:00,82.1162197752,0,0,0,0.5096744309409291,0,-1.222734097825936
2026-03-27 21:20:00,82.1437181219,0,0,0,0.5100073612695659,0,-1.2151681750300465
2026-03-27 21:25:00,82.1615311164,0,0,0,0.502948306282894,0,-1.1993177188629842
2026-03-27 21:30:00,82.1121824457,0,0,0,0.5052136460369255,0,-1.170681077139232
2026-03-27 21:35:00,82.0847264857,0,0,0,0.5197458201560622,0,-1.0908747454892376
2026-03-27 21:40:00,82.13203,0,0,0,0.5178875893818273,0,-1.0899163415774022
2026-03-27 21:45:00,82.0782095365,0,0,0,0.5181872589313667,0,-1.0876322258483981
2026-03-27 21:50:00,82.1140792488,0,0,0,0.5153739639528457,0,-1.07922782625381
2026-03-27 21:55:00,82.0975908375,0,0,0,0.5149742978324134,0,-1.0704265480273294
2026-03-27 22:00:00,82.0753272435,0,0,0,0.5177299497568115,0,-1.069874590113156
2026-03-27 22:05:00,82.2199929193,0,0,0,0.5189262008692365,0,-1.0733760562949322
2026-03-27 22:10:00,82.1446824184,0,0,0,0.516695923183315,0,-1.0727244774537537
2026-03-27 22:15:00,58.0218187459,0,0,0,0.6726240532062135,0,-1.0913350064741276
2026-03-27 22:20:00,58.0507052558,0,0,0,0.5464638498025414,0,-1.1593352352610358
2026-03-27 22:25:00,57.9840628272,0,0,0,0.5629649316015686,0,-1.2418510995029353
2026-03-27 22:30:00,50.3513271422999,0,0,0,0.659165386460655,0,-1.1319007237283125
2026-03-27 22:35:00,48.8547071076,0,0,0,0.6604418638215901,0,-1.2166087044146343
2026-03-27 22:40:00,48.8380915363,0,0,0,0.6425920279964887,0,-1.1705029683467922
2026-03-27 22:45:00,48.8849499906,0,0,0,0.6389694625592176,0,-1.13135299465756
2026-03-27 22:50:00,48.9288837653,0,0,0,0.6353928909686186,0,-1.0918580541256722
2026-03-27 22:55:00,48.8374027531,0,0,0,0.6081326758616846,0,-1.057989442279382
2026-03-27 23:00:00,49.199713339,0,0,0,0.5795424811094503,0,-1.0243806054135258
2026-03-27 23:05:00,48.8868785836999,0,0,0,0.5548332034067825,0,-1.0153793014025605
2026-03-27 23:10:00,48.9049882849,0,0,0,0.4813825728958876,0,-1.1318204246423589
2026-03-27 23:15:00,48.8733890287,0,0,0,0.4764299559595337,0,-1.1418059921632133
2026-03-27 23:20:00,48.8999654655,0,0,0,0.4486932576650721,0,-1.1535502027918456
2026-03-27 23:25:00,48.8382186963,0,0,0,0.4030438356046505,0,-1.0988040247335413
2026-03-27 23:30:00,48.8360463799,0,0,0,0.3792033867238004,0,-1.074563377739452
2026-03-27 23:35:00,48.78308424635,0,0,0,0.38469555038563114,0,-1.0745651996903616
2026-03-27 23:40:00,48.8471622819,0,0,0,0.38002319085204955,0,-1.0743774903040368
2026-03-27 23:45:00,48.8354211767,0,0,0,0.3795741989085178,0,-1.0748911762385749
2026-03-27 23:50:00,48.8824173876,0,0,0,0.38002319085204955,0,-1.0748394979661502
2026-03-27 23:55:00,48.8045107037,0,0,0,0.38668576964897716,0,-1.0748782102071666
2026-03-28 00:00:00,48.8605034836,0,0,0,0.383239292211385,0,-1.0690639609106514
2026-03-28 00:05:00,48.8231714315,0,0,0,0.3866667305550778,0,-1.0692176779395588
2026-03-28 00:10:00,48.7657057151,0,0,0,0.3901736116641559,0,-1.0687423131388498
2026-03-28 00:15:00,48.8018085541,0,0,0,0.3861147492056118,0,-1.0684003358070562
2026-03-28 00:20:00,48.8914775365,0,0,0,0.39051553351129537,0,-1.068772561131156
2026-03-28 00:25:00,48.870941199,0,0,0,0.38451456049072863,0,-1.0695871667778654
2026-03-28 00:30:00,48.8513055781,0,0,0,0.38451456049072863,0,-1.0693882839133864
2026-03-28 00:35:00,48.8417579825,0,0,0,0.38438168788596305,0,-1.0689908911890786
2026-03-28 00:40:00,48.934097324649,0,0,0,0.3895745015485532,0,-1.069910876801767
2026-03-28 00:45:00,48.8093003965,0,0,0,0.3972465202605587,0,-1.0699684759689727
2026-03-28 00:50:00,48.82529076455,0,0,0,0.38368898107295235,0,-1.0692711781333277
2026-03-28 00:55:00,48.8321574037,0,0,0,0.383455436755973,0,-1.0693270944750493
2026-03-28 01:00:00,48.8179896621,0,0,0,0.3835879891753495,0,-1.0692650327213353
2026-03-28 01:05:00,48.8366821798,0,0,0,0.38368898107295235,0,-1.069218706673418
2026-03-28 01:10:00,48.7845041995,0,0,0,0.39016560169798287,0,-1.0688867502550556
2026-03-28 01:15:00,48.7837200463,0,0,0,0.38565064289773393,0,-1.0686794861857252
2026-03-28 01:20:00,48.8113243596,0,0,0,0.38593154129726925,0,-1.0684923035529554
2026-03-28 01:25:00,48.7834975163,0,0,0,0.3878683340184514,0,-1.0684997060252428
2026-03-28 01:30:00,48.8171101389,0,0,0,0.3858040357497532,0,-1.0683435835534114
2026-03-28 01:35:00,48.7734518775,0,0,0,0.3894599831016243,0,-1.0684366658667057
2026-03-28 01:40:00,48.8079440232999,0,0,0,0.39079192771142673,0,-1.066536156561554
2026-03-28 01:45:00,48.8997111455,0,0,0,0.3907428593264541,0,-1.0681092724738723
2026-03-28 01:50:00,48.9652303274999,0,0,0,0.38273155373030604,0,-1.0708112793750069
2026-03-28 01:55:00,48.85543827755,0,0,0,0.3923435865231717,0,-1.0707179676249559
2026-03-28 02:00:00,49.0094078255,0,0,0,0.392800623874337,0,-1.0721108282941296
2026-03-28 02:05:00,48.90257224515,0,0,0,0.3894043962853907,0,-1.0731072095562622
2026-03-28 02:10:00,48.9400632472999,0,0,0,0.38094725760869963,0,-1.0729332387438184
2026-03-28 02:15:00,48.9315011415999,0,0,0,0.38060423208147826,0,-1.0731596407188047
2026-03-28 02:20:00,48.9437932735,0,0,0,0.3807289164745034,0,-1.073230540143082
2026-03-28 02:25:00,48.9157015136,0,0,0,0.3830991277934798,0,-1.0727821486106743
2026-03-28 02:30:00,48.934118518,0,0,0,0.38189192256162763,0,-1.0724692369537019
2026-03-28 02:35:00,48.9682609738,0,0,0,0.38214934694908603,0,-1.071907446237928
2026-03-28 02:40:00,49.3435100882,0,0,0,0.40736268168973,0,-1.0769802054468338
2026-03-28 02:45:00,49.2908658546,0,0,0,0.3833909286329244,0,-1.084127600794376
2026-03-28 02:50:00,49.2582387219,0,0,0,0.382159099202715,0,-1.0851449966677709
2026-03-28 02:55:00,49.2811487124,0,0,0,0.38108419038294616,0,-1.085831494842913
2026-03-28 03:00:00,49.232838515,0,0,0,0.38366574107953366,0,-1.0863900698836686
2026-03-28 03:05:00,49.2114968308999,0,0,0,0.3804614021728681,0,-1.0859064304237294
2026-03-28 03:10:00,49.188724597,0,0,0,0.37976530993386964,0,-1.0854167524926757
2026-03-28 03:15:00,49.2408389973,0,0,0,0.378663718348056,0,-1.0850650455964395
2026-03-28 03:20:00,49.2041533418,0,0,0,0.3803024042267577,0,-1.0845327480101057
2026-03-28 03:25:00,49.824895403,0,0,0,0.4154333088555968,0,-1.0857083911592398
2026-03-28 03:30:00,49.8595994820999,0,0,0,0.3819760894834599,0,-1.1001090314378148
2026-03-28 03:35:00,49.6846485366999,0,0,0,0.3993187102511831,0,-1.09941530064603
2026-03-28 03:40:00,49.7183671258999,0,0,0,0.3826955311454317,0,-1.100450727327526
2026-03-28 03:45:00,49.369959365,0,0,0,0.41884483426599883,0,-1.097251070043269
2026-03-28 03:50:00,49.5080763015,0,0,0,0.38918033575122307,0,-1.0971692194307154
2026-03-28 03:55:00,49.3799838104,0,0,0,0.39297621044004427,0,-1.0974478136124892
2026-03-28 04:00:00,49.3957622452,0,0,0,0.38645403953371393,0,-1.0964866017025947
2026-03-28 04:05:00,49.4224976319,0,0,0,0.38596172062644346,0,-1.0959874163959438
2026-03-28 04:10:00,49.4887373872,0,0,0,0.3789393826354173,0,-1.0952648618848666
2026-03-28 04:15:00,49.3763703475,0,0,0,0.38585240697353107,0,-1.0943687799539132
2026-03-28 04:20:00,49.4271283747,0,0,0,0.3779155088901526,0,-1.0925945968737647
2026-03-28 04:25:00,49.3803017104,0,0,0,0.3772762098356548,0,-1.0909548421793016
2026-03-28 04:30:00,49.3854304964,0,0,0,0.3777252780561091,0,-1.0871442336090968
2026-03-28 04:35:00,49.3854304964,0,0,0,0.3769723493716109,0,-1.0853253333189334
2026-03-28 04:40:00,49.3656359255,0,0,0,0.3769572473985556,0,-1.0809060767078906
2026-03-28 04:45:00,49.3717184114,0,0,0,0.37747551131667084,0,-1.0808062508989442
2026-03-28 04:50:00,49.3738377445,0,0,0,0.37747551131667084,0,-1.0798251906719625
2026-03-28 04:55:00,49.3472719043999,0,0,0,0.3778693198987891,0,-1.0798863270754033
2026-03-28 05:00:00,49.4274250813,0,0,0,0.3847584330987995,0,-1.0800810005416084
2026-03-28 05:05:00,49.4361567336,0,0,0,0.3791561327438057,0,-1.080805221899174
2026-03-28 05:10:00,49.3519768238,0,0,0,0.3846523224302504,0,-1.0794607499407831
2026-03-28 05:15:00,49.4108201067,0,0,0,0.3797745168444691,0,-1.0793454426677744
2026-03-28 05:20:00,49.4400457098,0,0,0,0.3779231207169524,0,-1.0800092071046798
2026-03-28 05:25:00,49.4036249709,0,0,0,0.3785275084144956,0,-1.0800530990167867
2026-03-28 05:30:00,49.4599038607,0,0,0,0.3740222050028845,0,-1.0805277747043835
2026-03-28 05:35:00,49.3652332522,0,0,0,0.3832508073452383,0,-1.080432583728746
2026-03-28 05:40:00,49.6483125711,0,0,0,0.39866892947277266,0,-1.0832835423621072
2026-03-28 05:45:00,50.0800419119,0,0,0,0.4062185754317154,0,-1.0943871243260646
2026-03-28 05:50:00,49.6795515405999,0,0,0,0.40834047029282994,0,-1.096691887752355
2026-03-28 05:55:00,49.5618437816,0,0,0,0.3812536573521291,0,-1.0962115383896658
2026-03-28 06:00:00,49.5571600555,0,0,0,0.3757459439072052,0,-1.095679901879196
2026-03-28 06:05:00,49.5371111646,0,0,0,0.3746700700271514,0,-1.095486664580504
2026-03-28 06:10:00,49.6058093463,0,0,0,0.3740911507359958,0,-1.0951640412123174
2026-03-28 06:15:00,49.5415193774,0,0,0,0.37472634629090934,0,-1.0950317433056669
2026-03-28 06:20:00,49.5873923419,0,0,0,0.3727989310749087,0,-1.09464139598103
2026-03-28 06:25:00,49.6087976059,0,0,0,0.37269110942376743,0,-1.0945357836386451
2026-03-28 06:30:00,49.509358498,0,0,0,0.37653074057879726,0,-1.0939024257147965
2026-03-28 06:35:00,49.4387423199,0,0,0,0.3792588815868328,0,-1.0925262698659797
2026-03-28 06:40:00,49.5353627148,0,0,0,0.37539344201684266,0,-1.092422520098367
2026-03-28 06:45:00,49.531081662,0,0,0,0.369079291382629,0,-1.0850588508626116
2026-03-28 06:50:00,49.5413180408,0,0,0,0.3726750646871536,0,-1.0838886719066172
2026-03-28 06:55:00,49.5266840459,0,0,0,0.37254392318846596,0,-1.0838642850369897
2026-03-28 07:00:00,49.5200505334,0,0,0,0.37241518714944455,0,-1.08374902503944
2026-03-28 07:05:00,49.533985148349,0,0,0,0.3722084678237058,0,-1.0837753641473091
2026-03-28 07:10:00,49.5486297399,0,0,0,0.3726750646871536,0,-1.0835117089627966
2026-03-28 07:15:00,49.5043462753,0,0,0,0.3734977224516315,0,-1.0834172325621774
2026-03-28 07:20:00,49.5829841291,0,0,0,0.3783916393926052,0,-1.08339589583485
2026-03-28 07:25:00,49.5791057495,0,0,0,0.3728820431541998,0,-1.083580725965563
2026-03-28 07:30:00,49.5544155192,0,0,0,0.3734761308465269,0,-1.083494528608203
2026-03-28 07:35:00,49.5230811797,0,0,0,0.37510005354691306,0,-1.0821886127743687
2026-03-28 07:40:00,49.5545108891999,0,0,0,0.3749706093342553,0,-1.0821998281662628
2026-03-28 07:45:00,49.5476230567,0,0,0,0.3748147402310626,0,-1.0823711398573241
2026-03-28 07:50:00,49.5765095665,0,0,0,0.37460668896717464,0,-1.082633216597067
2026-03-28 07:55:00,49.5089664214,0,0,0,0.3785435099166935,0,-1.082556822461802
2026-03-28 08:00:00,49.5475276867,0,0,0,0.37482151911483974,0,-1.0823499261010432
2026-03-28 08:05:00,49.516172153849,0,0,0,0.37473600755029185,0,-1.082529930873234
2026-03-28 08:10:00,49.5894269016,0,0,0,0.3723079769097323,0,-1.0828750569997743
2026-03-28 08:15:00,49.5497529863999,0,0,0,0.374578052941882,0,-1.0829518532943856
2026-03-28 08:20:00,49.5839060389,0,0,0,0.3734991414079047,0,-1.0829127324680679
2026-03-28 08:25:00,49.5713172005,0,0,0,0.37349238644016314,0,-1.0830197939168258
2026-03-28 08:30:00,49.5797521461,0,0,0,0.37349238644016314,0,-1.083118903496819
2026-03-28 08:35:00,49.5101638446,0,0,0,0.3775693768721439,0,-1.082885417663694
2026-03-28 08:40:00,49.5637723747,0,0,0,0.373856964134995,0,-1.0828154510584298
2026-03-28 08:45:00,49.6366032559,0,0,0,0.3743349053796595,0,-1.0841450023373487
2026-03-28 08:50:00,49.5844994522,0,0,0,0.37401838764318407,0,-1.0844018989625486
2026-03-28 08:55:00,49.5920124879999,0,0,0,0.37335946599576497,0,-1.0840414221613257
2026-03-28 09:00:00,49.5807588292999,0,0,0,0.37335946599576497,0,-1.0840298236808403
2026-03-28 09:05:00,49.5663897511,0,0,0,0.3734424547883811,0,-1.08359477635519
2026-03-28 09:10:00,49.6431625917,0,0,0,0.3776262498313862,0,-1.0842798162171576
2026-03-28 09:15:00,49.5595231119,0,0,0,0.37856362021892764,0,-1.0842622482765845
2026-03-28 09:20:00,49.615950355,0,0,0,0.3730791890437945,0,-1.0842926145854894
2026-03-28 09:25:00,49.572154337,0,0,0,0.3737308567650849,0,-1.084429742675386
2026-03-28 09:30:00,49.6158973717,0,0,0,0.3730791890437945,0,-1.0845310587559576
2026-03-28 09:35:00,49.5664533311,0,0,0,0.3741568874787332,0,-1.0839793880240929
2026-03-28 09:40:00,49.93164621,0,0,0,0.40058050023905745,0,-1.0888673090891188
2026-03-28 09:45:00,49.8704610641,0,0,0,0.37358941728317907,0,-1.094807219163461
2026-03-28 09:50:00,49.9338715097,0,0,0,0.372068163437147,0,-1.0968445320648357
2026-03-28 09:55:00,49.8981713441,0,0,0,0.3712472061564118,0,-1.0981871967125971
2026-03-28 10:00:00,49.8871720054,0,0,0,0.3720614343495454,0,-1.0985653581886208
2026-03-28 10:05:00,49.8317408487999,0,0,0,0.37308908726076906,0,-1.0980864641963808
2026-03-28 10:10:00,49.8935406013,0,0,0,0.37301861397145475,0,-1.098419587724666
2026-03-28 10:15:00,49.818908287,0,0,0,0.37617892815950016,0,-1.0976550421514017
2026-03-28 10:20:00,49.8457814304,0,0,0,0.37330476596745,0,-1.0969633704682142
2026-03-28 10:25:00,49.9542700906,0,0,0,0.37834806498206924,0,-1.0965611690452257
2026-03-28 10:30:00,49.806934055149,0,0,0,0.3807286599942853,0,-1.0949126481448779
2026-03-28 10:35:00,49.7785349918999,0,0,0,0.3726513394131322,0,-1.090999223747859
2026-03-28 10:40:00,49.8745619736,0,0,0,0.3810495129694044,0,-1.0908732936614758
2026-03-28 10:45:00,49.8073261318,0,0,0,0.3766395859400151,0,-1.0913233706945058
2026-03-28 10:50:00,49.8627254984,0,0,0,0.3737010636523758,0,-1.0908465100681461
2026-03-28 10:55:00,49.8502108366,0,0,0,0.3746128921378851,0,-1.0909649710331988
2026-03-28 11:00:00,49.7963373898,0,0,0,0.376034147456549,0,-1.0906279661361895
2026-03-28 11:05:00,49.8243443764,0,0,0,0.374484186297046,0,-1.0905647959157523
2026-03-28 11:10:00,49.7994316161,0,0,0,0.3750975024780602,0,-1.0904399714985962
2026-03-28 11:15:00,49.7775918887,0,0,0,0.37417772706141367,0,-1.090413900837316
2026-03-28 11:20:00,49.8388300179,0,0,0,0.3746989461916496,0,-1.0905545004034856
2026-03-28 11:25:00,49.7909860738,0,0,0,0.3742602556404515,0,-1.0891968767993185
2026-03-28 11:30:00,49.8486743201,0,0,0,0.3740851981424199,0,-1.0893639737778797
2026-03-28 11:35:00,49.797344073,0,0,0,0.3742602556404515,0,-1.0893230354201144
2026-03-28 11:40:00,49.9146173687,0,0,0,0.3836583979307371,0,-1.090070100819268
2026-03-28 11:45:00,49.7713398561,0,0,0,0.3827187017743225,0,-1.0900548005057802
2026-03-28 11:50:00,49.8584762355,0,0,0,0.3796503087016461,0,-1.0900079258000235
2026-03-28 11:55:00,49.7794674985,0,0,0,0.3775628558128038,0,-1.0901008436106636
2026-03-28 12:00:00,49.8615598652,0,0,0,0.37857110858949833,0,-1.0903020343798213
2026-03-28 12:05:00,49.8174141572,0,0,0,0.3742602556404515,0,-1.0906006011437641
2026-03-28 12:10:00,49.8105899046999,0,0,0,0.3740784325754724,0,-1.0903962008938386
2026-03-28 12:15:00,49.8926716747,0,0,0,0.3795263099493151,0,-1.0909313851889735
2026-03-28 12:20:00,50.070981763,0,0,0,0.38513963956679453,0,-1.0948534772549938
2026-03-28 12:25:00,49.8508784265,0,0,0,0.38961905378552475,0,-1.0942830349619255
2026-03-28 12:30:00,49.8862606922,0,0,0,0.3721602403907129,0,-1.0943365494768345
2026-03-28 12:35:00,49.9132609956,0,0,0,0.371946935563426,0,-1.0947013023241028
2026-03-28 12:40:00,49.8474345102,0,0,0,0.3756200028219276,0,-1.0943312148263113
2026-03-28 12:45:00,49.8546084527,0,0,0,0.37483780850615295,0,-1.0938173304583585
2026-03-28 12:50:00,49.846745727,0,0,0,0.37483780850615295,0,-1.093856750373063
2026-03-28 12:55:00,49.8173823672,0,0,0,0.3719842108333283,0,-1.0934522268990259
2026-03-28 13:00:00,49.8715631173,0,0,0,0.3725023744566812,0,-1.0935942694251122
2026-03-28 13:05:00,49.87647997,0,0,0,0.3737984100308642,0,-1.0938452869761508
2026-03-28 13:10:00,49.8397201378,0,0,0,0.3739800969892066,0,-1.0935484889725358
2026-03-28 13:15:00,49.8889416485,0,0,0,0.3738051705333357,0,-1.0936450097267731
2026-03-28 13:20:00,49.8470424335999,0,0,0,0.3809408020593114,0,-1.0904938513871862
2026-03-28 13:25:00,49.8290810858,0,0,0,0.3802329658756413,0,-1.0903708685983016
2026-03-28 13:30:00,49.82223564,0,0,0,0.3807557334522067,0,-1.0902909839309918
2026-03-28 13:35:00,49.9687875221,0,0,0,0.38894242963530257,0,-1.0916896086205385
2026-03-28 13:40:00,49.8351741684,0,0,0,0.3873781361317925,0,-1.0917735672999158
2026-03-28 13:45:00,49.8229562132,0,0,0,0.3786326753993793,0,-1.091472920480316
2026-03-28 13:50:00,49.8741169136,0,0,0,0.37863952333417283,0,-1.091657234115724
2026-03-28 13:55:00,49.7803470217,0,0,0,0.383738389835051,0,-1.091539192469541
2026-03-28 14:00:00,49.8020172024,0,0,0,0.37749457624054217,0,-1.0913960323064613
2026-03-28 14:05:00,49.8919405048,0,0,0,0.3817335425531385,0,-1.091841630392033
2026-03-28 14:10:00,49.8859745822,0,0,0,0.374820189740663,0,-1.092365906937563
2026-03-28 14:15:00,49.7755149423,0,0,0,0.37987449428931697,0,-1.0915986431558908
2026-03-28 14:20:00,49.9205409047,0,0,0,0.3829059374612116,0,-1.0918905859192416
2026-03-28 14:25:00,49.8219177399999,0,0,0,0.37679594845472486,0,-1.0921778528796278
2026-03-28 14:30:00,49.8128046078,0,0,0,0.37178260456136347,0,-1.0916761523071767
2026-03-28 14:35:00,49.8413732176,0,0,0,0.37540471502863026,0,-1.090432286818917
2026-03-28 14:40:00,49.7747307891,0,0,0,0.3771751502425289,0,-1.090265796930344
2026-03-28 14:45:00,49.8399002811,0,0,0,0.37374182441514997,0,-1.0900608667471967
2026-03-28 14:50:00,50.0267936684,0,0,0,0.3897242383115517,0,-1.0924871565932202
2026-03-28 14:55:00,49.8073367283999,0,0,0,0.3878099068088379,0,-1.0920840265081175
2026-03-28 15:00:00,49.8508148465,0,0,0,0.371273104556155,0,-1.0916633680048797
2026-03-28 15:05:00,49.8962639443,0,0,0,0.3710692428777279,0,-1.0919667794518855
2026-03-28 15:10:00,49.8634566682999,0,0,0,0.371247929697964,0,-1.091945724834191
2026-03-28 15:15:00,49.8320481521,0,0,0,0.3711722840359438,0,-1.0913192514384737
2026-03-28 15:20:00,49.8226383132,0,0,0,0.3726269662069344,0,-1.0908094788694493
2026-03-28 15:25:00,49.8510797630999,0,0,0,0.37379666461138716,0,-1.0908188217025327
2026-03-28 15:30:00,49.9159843386,0,0,0,0.3730545557741702,0,-1.0913611388437832
2026-03-28 15:35:00,49.8835055591999,0,0,0,0.37256531349708794,0,-1.0919281075041194
2026-03-28 15:40:00,49.884713579,0,0,0,0.37295686028250874,0,-1.091534985452615
2026-03-28 15:45:00,49.9010112504,0,0,0,0.3751570840016588,0,-1.091868697550997
2026-03-28 15:50:00,49.8867905254,0,0,0,0.38012694010695564,0,-1.090319642764478
2026-03-28 15:55:00,49.8439164173,0,0,0,0.38381081948511997,0,-1.0902819475613525
2026-03-28 16:00:00,49.928509597,0,0,0,0.38613203756288345,0,-1.090914080772913
2026-03-28 16:05:00,49.9006509638,0,0,0,0.38184476699107245,0,-1.0918815709464007
2026-03-28 16:10:00,49.8581371423,0,0,0,0.3828933313196324,0,-1.091945203524762
2026-03-28 16:15:00,49.8662859779,0,0,0,0.38378309400702604,0,-1.091803847257108
2026-03-28 16:20:00,49.870937914,0,0,0,0.3876033932479815,0,-1.0918544132068313
2026-03-28 16:25:00,49.8609452586,0,0,0,0.38734123479284677,0,-1.0922611564637648
2026-03-28 16:30:00,49.8719445972,0,0,0,0.3870792536505446,0,-1.0925351424590684
2026-03-28 16:35:00,49.8598326087,0,0,0,0.38905726006019076,0,-1.0932628498631045
2026-03-28 16:40:00,50.0156141864,0,0,0,0.39752806683006137,0,-1.0953079536017631
2026-03-28 16:45:00,49.9339456864,0,0,0,0.39197047660690065,0,-1.0975834692918451
2026-03-28 16:50:00,49.9401129456,0,0,0,0.3882266801958732,0,-1.0978369521422169
2026-03-28 16:55:00,49.9481240246,0,0,0,0.3887523735104931,0,-1.0985139166709188
2026-03-28 17:00:00,49.9440760985,0,0,0,0.3887523735104931,0,-1.099367895208651
2026-03-28 17:05:00,49.8774230732,0,0,0,0.3947315395396613,0,-1.1001644825211034
2026-03-28 17:10:00,49.9363511293999,0,0,0,0.39140714857837383,0,-1.1006503455435686
2026-03-28 17:15:00,49.8995489106,0,0,0,0.39461693036678913,0,-1.102401489547063
2026-03-28 17:20:00,49.9472021148,0,0,0,0.39785867554993,0,-1.1031652055303134
2026-03-28 17:25:00,49.9641461827,0,0,0,0.40100982025960324,0,-1.1042639307130324
2026-03-28 17:30:00,49.9552025971,0,0,0,0.40018272199116733,0,-1.105118751870972
2026-03-28 17:35:00,49.9229887344,0,0,0,0.40223896084514854,0,-1.1054356476199985
2026-03-28 17:40:00,49.9149776553,0,0,0,0.40640389222262496,0,-1.1053170394725294
2026-03-28 17:45:00,49.8579464023,0,0,0,0.4044992911555102,0,-1.1071027409261331
2026-03-28 17:50:00,49.939402969,0,0,0,0.40939846977020883,0,-1.1073751584243725
2026-03-28 17:55:00,49.9124026657,0,0,0,0.40476140989660264,0,-1.1096327385587224
2026-03-28 18:00:00,49.9046670999,0,0,0,0.41096040357523,0,-1.1107333041486145
2026-03-28 18:05:00,49.9139497787999,0,0,0,0.41305336271345355,0,-1.1117287942121001
2026-03-28 18:10:00,50.0336073242,0,0,0,0.4164269837773558,0,-1.1137749236516798
2026-03-28 18:15:00,49.8191414137,0,0,0,0.4259957082081823,0,-1.1178094539048058
2026-03-28 18:20:00,49.9518964375,0,0,0,0.4194871738343099,0,-1.1171069012638577
2026-03-28 18:25:00,49.8182512937999,0,0,0,0.4148933788761148,0,-1.1213169489417123
2026-03-28 18:30:00,49.8881045118999,0,0,0,0.4122139934036787,0,-1.1208885780467845
2026-03-28 18:35:00,49.8901708617,0,0,0,0.4101183699622585,0,-1.122993591183985
2026-03-28 18:40:00,49.8859427922,0,0,0,0.41014272366587967,0,-1.1243038616778391
2026-03-28 18:45:00,49.8658303212999,0,0,0,0.40985846862553904,0,-1.1258283167002996
2026-03-28 18:50:00,49.8987647573,0,0,0,0.4138222986098385,0,-1.1267483536080847
2026-03-28 18:55:00,49.8441389472999,0,0,0,0.41438607030747426,0,-1.1290541217916112
2026-03-28 19:00:00,49.9006933504,0,0,0,0.414888692920137,0,-1.1294616751247606
2026-03-28 19:05:00,49.9130702556,0,0,0,0.41451284673842487,0,-1.1314644942186745
2026-03-28 19:10:00,49.9556264637,0,0,0,0.4188374186946873,0,-1.1312241649644281
2026-03-28 19:15:00,49.8266650461,0,0,0,0.423270496057748,0,-1.133603247398147
2026-03-28 19:20:00,49.9440231151,0,0,0,0.42631224932196243,0,-1.132319183326304
2026-03-28 19:25:00,49.9575338635,0,0,0,0.41840526606217887,0,-1.1347659412551943
2026-03-28 19:30:00,49.9491730945,0,0,0,0.4172942072825378,0,-1.1362238546185683
2026-03-28 19:35:00,49.873629467,0,0,0,0.4212362645299625,0,-1.1376183259332573
2026-03-28 19:40:00,49.9390638757,0,0,0,0.4192418821783121,0,-1.1370576298403068
2026-03-28 19:45:00,49.9032789368,0,0,0,0.4180479825689841,0,-1.1388602137322719
2026-03-28 19:50:00,49.9397314657,0,0,0,0.416898864050025,0,-1.1387531211294786
2026-03-28 19:55:00,49.8774442666,0,0,0,0.4201167535735645,0,-1.1399063139831094
2026-03-28 20:00:00,49.9151895886,0,0,0,0.4184479188852652,0,-1.1390818926866675
2026-03-28 20:05:00,49.8561449692,0,0,0,0.4215497111653817,0,-1.1405781725828368
2026-03-28 20:10:00,49.9256379006999,0,0,0,0.41953416743092636,0,-1.1389171445364916
2026-03-28 20:15:00,49.9075599895999,0,0,0,0.42075975476979516,0,-1.1391629295160361
2026-03-28 20:20:00,49.8843215024,0,0,0,0.4219936979818123,0,-1.1388355469874776
2026-03-28 20:25:00,49.920466728,0,0,0,0.4265445196824683,0,-1.137383421342998
2026-03-28 20:30:00,49.8909020316,0,0,0,0.42892338368479904,0,-1.1373142157460974
2026-03-28 20:35:00,49.8497445833,0,0,0,0.4277473444471877,0,-1.1368358850958216
2026-03-28 20:40:00,49.9235609543,0,0,0,0.43707714890153604,0,-1.1344059336461283
2026-03-28 20:45:00,49.8865044155,0,0,0,0.4341985181171201,0,-1.1348980944226101
2026-03-28 20:50:00,49.8857096656,0,0,0,0.43234425695275036,0,-1.132945208941076
2026-03-28 20:55:00,49.937092896,0,0,0,0.43387919531275176,0,-1.1312084694017985
2026-03-28 21:00:00,49.9309786201,0,0,0,0.43063837137930305,0,-1.1306765759008157
2026-03-28 21:05:00,49.947541208,0,0,0,0.4354713173519303,0,-1.1287270621349152
2026-03-28 21:10:00,49.9080792261999,0,0,0,0.43628136864719497,0,-1.1275358205112203
2026-03-28 21:15:00,49.8616128484999,0,0,0,0.4371674814633321,0,-1.1257825561281583
2026-03-28 21:20:00,49.8622910351,0,0,0,0.43460756178805543,0,-1.12316349290513
2026-03-28 21:25:00,49.9145008053999,0,0,0,0.4338008216231884,0,-1.1201690588540083
2026-03-28 21:30:00,49.9286791437,0,0,0,0.43355760574404656,0,-1.1183750988112082
2026-03-28 21:35:00,49.8157822707,0,0,0,0.4379312849580446,0,-1.1175733092192774
2026-03-28 21:40:00,49.9569934336,0,0,0,0.4463181084067149,0,-1.111565113819672
2026-03-28 21:45:00,50.791989472,0,0,0,0.49609238045037496,0,-1.107670099221235
2026-03-28 21:50:00,49.8793516662999,0,0,0,0.4921232501352356,0,-1.1253892159754078
2026-03-28 21:55:00,49.9148187054,0,0,0,0.45401206616442535,0,-1.1219981068503564
2026-03-28 22:00:00,49.9259240107,0,0,0,0.45294541914570957,0,-1.1187396926616615
2026-03-28 22:05:00,49.9527971541,0,0,0,0.45832909615163786,0,-1.1146937785480975
2026-03-28 22:10:00,49.9430482219,0,0,0,0.46095381796828994,0,-1.111112291856284
2026-03-28 22:15:00,49.8571516524,0,0,0,0.46617300372802156,0,-1.1108602520672044
2026-03-28 22:20:00,49.8794682297,0,0,0,0.46206196105019226,0,-1.1083411613933514
2026-03-28 22:25:00,49.8758653634,0,0,0,0.46691143638684823,0,-1.1077239917131507
2026-03-28 22:30:00,49.9138014255,0,0,0,0.4668724181193479,0,-1.1071497638207772
2026-03-28 22:35:00,49.8909232249,0,0,0,0.46796400138702576,0,-1.1078799041245808
2026-03-28 22:40:00,49.8755686568,0,0,0,0.46722744916796466,0,-1.1080093351479703
2026-03-28 22:45:00,49.835470875,0,0,0,0.45587327960611973,0,-1.0899269352089933
2026-03-28 22:50:00,50.0684703533,0,0,0,0.4658025513018651,0,-1.0879827385148895
2026-03-28 22:55:00,49.8536865428,0,0,0,0.4682276642945612,0,-1.0944237025411194
2026-03-28 23:00:00,49.8399532645,0,0,0,0.44344405747027,0,-1.0925337076448314
2026-03-28 23:05:00,49.8894820784,0,0,0,0.44374047319448373,0,-1.0916217191805477
2026-03-28 23:10:00,49.8758017834,0,0,0,0.4434703054570481,0,-1.0924956730258524
2026-03-28 23:15:00,49.8534428194999,0,0,0,0.4440708035338252,0,-1.0927132910850026
2026-03-28 23:20:00,49.9878933098,0,0,0,0.45370021837174135,0,-1.091143830466813
2026-03-28 23:25:00,49.8200421302,0,0,0,0.4596137716951844,0,-1.0953981461983904
2026-03-28 23:30:00,49.9220350345,0,0,0,0.45200773608819533,0,-1.0921828126177413
2026-03-28 23:35:00,50.1988093375,0,0,0,0.47080186031451954,0,-1.0929027442321655
2026-03-28 23:40:00,50.1275043762,0,0,0,0.4527521688910185,0,-1.1001833450999003
2026-03-28 23:45:00,50.0327489943,0,0,0,0.45408501014548575,0,-1.1003401394552776
2026-03-28 23:50:00,50.0186872194,0,0,0,0.44729047606461625,0,-1.099183515739203
2026-03-28 23:55:00,49.9718075718,0,0,0,0.4464892129565083,0,-1.0993732372681142
2026-03-29 00:00:00,49.9951096389,0,0,0,0.445127654070202,0,-1.0980819349975495
2026-03-29 00:05:00,49.9600664665,0,0,0,0.44642556109563153,0,-1.0987351723302459
2026-03-29 00:10:00,49.9816412772,0,0,0,0.4461041134318518,0,-1.0977157895509533
2026-03-29 00:15:00,49.9530408774,0,0,0,0.4441243901262549,0,-1.0978377171143139
2026-03-29 00:20:00,50.0148088399,0,0,0,0.44451436052648485,0,-1.0967617948767316
2026-03-29 00:25:00,49.9935201391,0,0,0,0.4422926891152023,0,-1.0965609156104787
2026-03-29 00:30:00,49.9903199462,0,0,0,0.44238960972486757,0,-1.096022754821441
2026-03-29 00:35:00,49.9688616988,0,0,0,0.44562320268702904,0,-1.0941317885517
2026-03-29 00:40:00,50.0053248244,0,0,0,0.4504509386650972,0,-1.0915477518019936
2026-03-29 00:45:00,49.9972077786999,0,0,0,0.45018389320360036,0,-1.0920077559734902
2026-03-29 00:50:00,50.046217356,0,0,0,0.4506451818742151,0,-1.0918071194992829
2026-03-29 00:55:00,49.9602995932,0,0,0,0.45446225896013354,0,-1.093728886242264
2026-03-29 01:00:00,50.0475101492,0,0,0,0.4572361218545507,0,-1.0920030603756998
2026-03-29 01:05:00,50.0141412499,0,0,0,0.45089357741867625,0,-1.0937945027974996
2026-03-29 01:10:00,50.0215271257,0,0,0,0.4508486034218607,0,-1.0934258037085534
2026-03-29 01:15:00,49.9485055046,0,0,0,0.4528464572061063,0,-1.094569526898138
2026-03-29 01:20:00,50.0501275256,0,0,0,0.4590049389948449,0,-1.0925948773826235
2026-03-29 01:25:00,49.9498830711,0,0,0,0.4521929676637346,0,-1.0957356763795838
2026-03-29 01:30:00,49.9864097767,0,0,0,0.4475465845101815,0,-1.094145404701256
2026-03-29 01:35:00,49.9286579503,0,0,0,0.44823942889100477,0,-1.0958906768077397
2026-03-29 01:40:00,50.0350590674,0,0,0,0.45495046761904506,0,-1.0938890957807497
2026-03-29 01:45:00,50.0065010542,0,0,0,0.4450206053668463,0,-1.0960650155830398
2026-03-29 01:50:00,50.2286283538999,0,0,0,0.4559610376363679,0,-1.0953056150560059
2026-03-29 01:55:00,49.937315426,0,0,0,0.46505086017522274,0,-1.1018504808586846
2026-03-29 02:00:00,49.7045914609,0,0,0,0.4647797238248946,0,-1.1043507594674349
2026-03-29 02:05:00,49.6272040137,0,0,0,0.4517582784450389,0,-1.1058269401319278
2026-03-29 02:10:00,49.7027370445,0,0,0,0.45165627320416074,0,-1.104976022358385
2026-03-29 02:15:00,49.6577753933,0,0,0,0.4533817247834376,0,-1.1080509278077013
2026-03-29 02:20:00,49.6943656788,0,0,0,0.4504238984907669,0,-1.1072190396177832
2026-03-29 02:25:00,49.7484722523,0,0,0,0.44845113492558236,0,-1.10727213916506
2026-03-29 02:30:00,49.7711279228,0,0,0,0.448709615333352,0,-1.107626529187167
2026-03-29 02:35:00,49.6951180421,0,0,0,0.45248904071260404,0,-1.1089736416077343
2026-03-29 02:40:00,49.7024403379,0,0,0,0.44680337237145806,0,-1.107001866194448
2026-03-29 02:45:00,49.7025674978,0,0,0,0.4434798078724386,0,-1.1061015556887996
2026-03-29 02:50:00,49.6992189516,0,0,0,0.4351837364335044,0,-1.0988039164132999
2026-03-29 02:55:00,49.6507286108,0,0,0,0.4414838842955297,0,-1.0960065978687588
2026-03-29 03:00:00,49.6751327312,0,0,0,0.4410829316918147,0,-1.0951210372429934
2026-03-29 03:05:00,49.6497749109,0,0,0,0.44320622881550825,0,-1.0955679844635744
2026-03-29 03:10:00,49.7018045379,0,0,0,0.4421422079794594,0,-1.0946064337760477
2026-03-29 03:15:00,49.5916098147,0,0,0,0.44738128047768816,0,-1.097414006433668
2026-03-29 03:20:00,49.7132383399,0,0,0,0.4493772473363334,0,-1.0944315924475043
2026-03-29 03:25:00,49.6312201499,0,0,0,0.4440570677118375,0,-1.0971987798072675
2026-03-29 03:30:00,49.6935921223,0,0,0,0.4427409076946072,0,-1.0944945199657772
2026-03-29 03:35:00,49.6145409986,0,0,0,0.44427146036721965,0,-1.0965653956248163
2026-03-29 03:40:00,49.6804840472,0,0,0,0.44112720434137015,0,-1.094555208126973
2026-03-29 03:45:00,49.6033191299,0,0,0,0.44427146036721965,0,-1.0966067574611909
2026-03-29 03:50:00,49.7038179044,0,0,0,0.4480039022456258,0,-1.0942882598328558
2026-03-29 03:55:00,49.6777818975,0,0,0,0.44116666424857093,0,-1.0962619917669425
2026-03-29 04:00:00,49.6995898348999,0,0,0,0.44065925433750325,0,-1.0957811566621354
2026-03-29 04:05:00,49.6688701019,0,0,0,0.44116666424857093,0,-1.0964719894491641
2026-03-29 04:10:00,49.67593807775,0,0,0,0.44072954262623243,0,-1.0958563198546893
2026-03-29 04:15:00,49.7470840891,0,0,0,0.44163040891524796,0,-1.09509589274394
2026-03-29 04:20:00,49.6769023743,0,0,0,0.44435761230767756,0,-1.096845338432495
2026-03-29 04:25:00,49.6609861829,0,0,0,0.44224288005068496,0,-1.0959679862435905
2026-03-29 04:30:00,49.7657554135,0,0,0,0.44857652645509427,0,-1.0950611295021713
2026-03-29 04:35:00,49.6214076377,0,0,0,0.45039568445311634,0,-1.0981012979393057
2026-03-29 04:40:00,49.69950506155,0,0,0,0.44688177783553934,0,-1.0953829570995663
2026-03-29 04:45:00,49.8535487861,0,0,0,0.4510072455203055,0,-1.0957487757395097
2026-03-29 04:50:00,49.7144569564,0,0,0,0.44710010006983414,0,-1.099764928340228
2026-03-29 04:55:00,49.7591113043,0,0,0,0.4384151423642363,0,-1.0976664435572598
2026-03-29 05:00:00,49.7180068393,0,0,0,0.43880289860354105,0,-1.0988382926711107
2026-03-29 05:05:00,49.6807913504999,0,0,0,0.4391631639559935,0,-1.098667872585088
2026-03-29 05:10:00,49.7281690414,0,0,0,0.4384151423642363,0,-1.0975028033803438
2026-03-29 05:15:00,49.7169577694,0,0,0,0.43723858277815864,0,-1.0983296655721126
2026-03-29 05:20:00,49.7237714253,0,0,0,0.4380531378018454,0,-1.0980157494670604
2026-03-29 05:25:00,49.7372821736,0,0,0,0.4392527708602493,0,-1.0977430205323346
2026-03-29 05:30:00,49.6980745117,0,0,0,0.44025963817429836,0,-1.0983258996549312
2026-03-29 05:35:00,49.7224892288,0,0,0,0.44121166043166155,0,-1.0966742415768798
2026-03-29 05:40:00,49.7579986544,0,0,0,0.44122249085373716,0,-1.0965775956634056
2026-03-29 05:45:00,50.4284920594999,0,0,0,0.4872045639720528,0,-1.0952290439340193
2026-03-29 05:50:00,50.0641257204999,0,0,0,0.4827425977411927,0,-1.1155116369008693
2026-03-29 05:55:00,49.9749017981,0,0,0,0.45931178776452786,0,-1.1139235095214262
2026-03-29 06:00:00,49.9216005711999,0,0,0,0.4552060867370693,0,-1.1133451697781311
2026-03-29 06:05:00,49.8898953483999,0,0,0,0.45298599689171976,0,-1.11258775459089
2026-03-29 06:10:00,49.8922054214,0,0,0,0.4514377861195589,0,-1.1118402076651428
2026-03-29 06:15:00,49.8456754638,0,0,0,0.4529139791799361,0,-1.1120010324036995
2026-03-29 06:20:00,49.925945204,0,0,0,0.45581813532377763,0,-1.109830540509078
2026-03-29 06:25:00,49.9465345248,0,0,0,0.45016784926170084,0,-1.1103301367771725
2026-03-29 06:30:00,49.9427515152999,0,0,0,0.44850322860618763,0,-1.109663927387978
2026-03-29 06:35:00,49.9186441016,0,0,0,0.4471604573590904,0,-1.108866869299075
2026-03-29 06:40:00,50.2581718569,0,0,0,0.47572856215525305,0,-1.1032235873330276
2026-03-29 06:45:00,50.2041924435,0,0,0,0.4471558611573458,0,-1.1068644155836127
2026-03-29 06:50:00,50.2175442419,0,0,0,0.4449915738659568,0,-1.1073905010536549
2026-03-29 06:55:00,50.1927904315999,0,0,0,0.447958487949745,0,-1.1088737418792192
2026-03-29 07:00:00,50.1014683692999,0,0,0,0.4539834373000455,0,-1.109572085622467
2026-03-29 07:05:00,50.1283097227,0,0,0,0.4480855537031324,0,-1.1078145883702506
2026-03-29 07:10:00,50.2220478247,0,0,0,0.4561513201983738,0,-1.106906218811449
2026-03-29 07:15:00,50.114873151,0,0,0,0.45346045130273815,0,-1.1080721346394609
2026-03-29 07:20:00,50.1515376132,0,0,0,0.4448533937963481,0,-1.1053839423554273
2026-03-29 07:25:00,50.1200019371,0,0,0,0.44615050113132254,0,-1.105299123569677
2026-03-29 07:30:00,50.0873324177,0,0,0,0.4413123759233855,0,-1.103929074604718
2026-03-29 07:35:00,50.1759417336,0,0,0,0.4489921788671382,0,-1.0993243040172058
2026-03-29 07:40:00,50.15091241,0,0,0,0.44472864323064715,0,-1.100319931293889
2026-03-29 07:45:00,50.1689479345,0,0,0,0.4415283086500083,0,-1.0996110985900396
2026-03-29 07:50:00,50.1380692514999,0,0,0,0.4424767413144663,0,-1.0998764137692436
2026-03-29 07:55:00,50.156231936,0,0,0,0.4408373460973035,0,-1.099061160947924
2026-03-29 08:00:00,50.2052944967,0,0,0,0.439826441687603,0,-1.0988718992802373
2026-03-29 08:05:00,50.1620071186,0,0,0,0.4424011800285338,0,-1.1001454090432503
2026-03-29 08:10:00,50.2248771342999,0,0,0,0.4399248482104756,0,-1.0988133017002413
2026-03-29 08:15:00,50.1331312055,0,0,0,0.44623446936324684,0,-1.100748137824593
2026-03-29 08:20:00,50.1537205263,0,0,0,0.44113571153645026,0,-1.0993869881229525
2026-03-29 08:25:00,50.224855941,0,0,0,0.44034915872518254,0,-1.0990306150131963
2026-03-29 08:30:00,50.1793008765,0,0,0,0.44345114378741224,0,-1.0999839811973289
2026-03-29 08:35:00,50.1167169708,0,0,0,0.4451490093720629,0,-1.100534255812237
2026-03-29 08:40:00,50.2479990582,0,0,0,0.44834279011541606,0,-1.0984101754113256
2026-03-29 08:45:00,50.1965522478,0,0,0,0.4388297046772468,0,-1.101240073659477
2026-03-29 08:50:00,50.2386845893,0,0,0,0.43639526259788214,0,-1.100184492478253
2026-03-29 08:55:00,50.1593579523,0,0,0,0.4429941401059837,0,-1.1017737194487653
2026-03-29 09:00:00,50.1727097506999,0,0,0,0.43857342700918234,0,-1.1006317818180507
2026-03-29 09:05:00,50.1772133334,0,0,0,0.4387646427950073,0,-1.1007917254484474
2026-03-29 09:10:00,50.2041606535,0,0,0,0.43841276842255716,0,-1.1004412231772531
2026-03-29 09:15:00,50.1580545624,0,0,0,0.4424632616004515,0,-1.1012603660822782
2026-03-29 09:20:00,50.1513150833,0,0,0,0.4389001795657508,0,-1.100810099289395
2026-03-29 09:25:00,50.1635966184,0,0,0,0.44119761552684966,0,-1.1004762269047679
2026-03-29 09:30:00,50.2394687425,0,0,0,0.44140377692694827,0,-1.099990291344104
2026-03-29 09:35:00,50.1622508419,0,0,0,0.4466397653262319,0,-1.1016515340297408
2026-03-29 09:40:00,50.114777781,0,0,0,0.44158358033324013,0,-1.10131909682949
2026-03-29 09:45:00,50.1746065538,0,0,0,0.44187679387551904,0,-1.0998593618113044
2026-03-29 09:50:00,50.1578320325,0,0,0,0.4440910412671855,0,-1.1004888954729122
2026-03-29 09:55:00,50.1295283392,0,0,0,0.4431325102026764,0,-1.1008172694416423
2026-03-29 10:00:00,50.17843195,0,0,0,0.44187679387551904,0,-1.099814472604651
2026-03-29 10:05:00,50.0991476995999,0,0,0,0.4446963695627994,0,-1.101951807952373
2026-03-29 10:10:00,50.1377619482,0,0,0,0.4408305577208522,0,-1.1002594493479716
2026-03-29 10:15:00,50.1365857183999,0,0,0,0.44120149407763176,0,-1.1009134239580516
2026-03-29 10:20:00,50.1548649661999,0,0,0,0.44113571153645026,0,-1.1006933497460125
2026-03-29 10:25:00,50.2839747371,0,0,0,0.4469690774786696,0,-1.1004995113191645
2026-03-29 10:30:00,50.1689585311,0,0,0,0.44493169361315876,0,-1.1033860760859164
2026-03-29 10:35:00,50.140082618,0,0,0,0.4394538444118454,0,-1.102403716108089
2026-03-29 10:40:00,50.1493229102,0,0,0,0.43870308017254667,0,-1.1017683391489412
2026-03-29 10:45:00,50.1159222209,0,0,0,0.4385801463033634,0,-1.1024596697677427
2026-03-29 10:50:00,50.1719044041,0,0,0,0.4391869351683543,0,-1.1013040423526363
2026-03-29 10:55:00,50.2394263558999,0,0,0,0.43632461724966126,0,-1.101689639777192
2026-03-29 11:00:00,50.1348690585999,0,0,0,0.4425205037814572,0,-1.1039557274781986
2026-03-29 11:05:00,50.1399236679999,0,0,0,0.43830903679441663,0,-1.1023515079226676
2026-03-29 11:10:00,50.175708607,0,0,0,0.4391605316191509,0,-1.1019325016168164
2026-03-29 11:15:00,50.1136757278,0,0,0,0.4404606669480353,0,-1.1033796650822274
2026-03-29 11:20:00,50.1658325148,0,0,0,0.4378149532243467,0,-1.1018868476977508
2026-03-29 11:25:00,50.1211675702999,0,0,0,0.4442898102226815,0,-1.1019110205797842
2026-03-29 11:30:00,50.1207225103,0,0,0,0.44209793622984445,0,-1.1014166135070693
2026-03-29 11:35:00,50.0486863791,0,0,0,0.4420513708914863,0,-1.103180526948931
2026-03-29 11:40:00,50.1453597573,0,0,0,0.44732446264259124,0,-1.1008948262389953
2026-03-29 11:45:00,50.0342643174999,0,0,0,0.44186531670598644,0,-1.1044543386327839
2026-03-29 11:50:00,50.0948348568,0,0,0,0.4372368989787514,0,-1.102252786191346
2026-03-29 11:55:00,50.1081548652,0,0,0,0.43904659759417225,0,-1.1019139515537941
2026-03-29 12:00:00,50.106607752,0,0,0,0.43848278445657723,0,-1.1021237248244444
2026-03-29 12:05:00,50.109299305,0,0,0,0.4397066652428856,0,-1.1020320990064703
2026-03-29 12:10:00,50.1678988646,0,0,0,0.4408966421424291,0,-1.101217476605041
2026-03-29 12:15:00,50.1066501387,0,0,0,0.442350558001129,0,-1.1028420987094867
2026-03-29 12:20:00,50.1183276639,0,0,0,0.44137488805548053,0,-1.1015582523471878
2026-03-29 12:25:00,50.1004192995,0,0,0,0.44140497817740565,0,-1.1019520332000916
2026-03-29 12:30:00,50.090426644,0,0,0,0.44140497817740565,0,-1.101839158302663
2026-03-29 12:35:00,50.1429861043,0,0,0,0.44293495836590663,0,-1.1007861624957462
2026-03-29 12:40:00,50.1652708916,0,0,0,0.4425022480287139,0,-1.101519844983754
2026-03-29 12:45:00,50.0951421601,0,0,0,0.4478851577216011,0,-1.1019000437355355
2026-03-29 12:50:00,50.1847581592,0,0,0,0.45234286856493505,0,-1.1002324142910491
2026-03-29 12:55:00,50.1006948127999,0,0,0,0.44599088685526234,0,-1.1026485456689457
2026-03-29 13:00:00,50.0900239707,0,0,0,0.4421682955107316,0,-1.101835030682015
2026-03-29 13:05:00,50.153254273,0,0,0,0.4437009214790839,0,-1.1009247471819508
2026-03-29 13:10:00,50.1345935453,0,0,0,0.443049141592513,0,-1.10192856096756
2026-03-29 13:15:00,50.1057600188,0,0,0,0.4430878960063737,0,-1.1020533882049808
2026-03-29 13:20:00,50.1459849605999,0,0,0,0.44271248285893816,0,-1.1012106165586746
2026-03-29 13:25:00,50.0750084959,0,0,0,0.44599088685526234,0,-1.1028748660347067
2026-03-29 13:30:00,50.1414283945,0,0,0,0.4437009214790839,0,-1.1009622383847242
2026-03-29 13:35:00,50.0828182383,0,0,0,0.44439559584595517,0,-1.1028421813669462
2026-03-29 13:40:00,50.2956416656999,0,0,0,0.4519463176195874,0,-1.1009072264103188
2026-03-29 13:45:00,50.2290628171,0,0,0,0.4381039188007149,0,-1.1058293917553288
2026-03-29 13:50:00,50.1907134851,0,0,0,0.4370310428697276,0,-1.1055065281124055
2026-03-29 13:55:00,50.1135697612,0,0,0,0.43970588172998115,0,-1.1058585902482108
2026-03-29 14:00:00,50.3899625842,0,0,0,0.462391031600709,0,-1.1026307208898631
2026-03-29 14:05:00,50.1551934628,0,0,0,0.4562774804322278,0,-1.109884645542136
2026-03-29 14:10:00,50.1860721457,0,0,0,0.4377390950071878,0,-1.1070381399546265
2026-03-29 14:15:00,50.1695837344,0,0,0,0.43728396767071237,0,-1.1075151082939527
2026-03-29 14:20:00,50.2400939458,0,0,0,0.4384596171373507,0,-1.1064128328014973
2026-03-29 14:25:00,50.1708659309,0,0,0,0.43877051794931515,0,-1.1077236581032066
2026-03-29 14:30:00,50.1606613421,0,0,0,0.43585090840523294,0,-1.1069083428049034
2026-03-29 14:35:00,50.1749562436999,0,0,0,0.43601121272599414,0,-1.1059357806350354
2026-03-29 14:40:00,50.1756874136,0,0,0,0.43690323329037545,0,-1.105716135025205
2026-03-29 14:45:00,50.1547907895,0,0,0,0.43686787244612535,0,-1.106029764809831
2026-03-29 14:50:00,50.2239870143999,0,0,0,0.43596245091343805,0,-1.1048667446415577
2026-03-29 14:55:00,50.3633013741,0,0,0,0.4448095808632504,0,-1.104803175907991
2026-03-29 15:00:00,50.1652708916,0,0,0,0.45407072749058086,0,-1.1071414177917405
2026-03-29 15:05:00,50.1425304477,0,0,0,0.43768357593698404,0,-1.1053748530615488
2026-03-29 15:10:00,50.1958740611999,0,0,0,0.43585795210986483,0,-1.1043710363263655
2026-03-29 15:15:00,50.2500971979,0,0,0,0.4349842867516798,0,-1.1045976550806242
2026-03-29 15:20:00,50.1754648837,0,0,0,0.4405176481930389,0,-1.1062346774293184
2026-03-29 15:25:00,50.1294541626,0,0,0,0.4378378819647022,0,-1.1060931278239976
2026-03-29 15:30:00,50.181187083,0,0,0,0.43845175778805046,0,-1.1047492728503605
2026-03-29 15:35:00,50.1004192995,0,0,0,0.44006522648282786,0,-1.1069520329158438
2026-03-29 15:40:00,50.1905969218,0,0,0,0.4432796973555878,0,-1.1046670186364267
2026-03-29 15:45:00,50.1773510901,0,0,0,0.43686787244612535,0,-1.106199686578619
2026-03-29 15:50:00,50.186601979,0,0,0,0.4362232031271059,0,-1.1058594114221871
2026-03-29 15:55:00,50.2883617566,0,0,0,0.4459494396035011,0,-1.1031154513682906
2026-03-29 16:00:00,49.720104979,0,0,0,0.4824118843574815,0,-1.11463090320608
2026-03-29 16:05:00,49.65724556,0,0,0,0.4509906007430458,0,-1.1169276707401012
2026-03-29 16:10:00,49.7071452573,0,0,0,0.4510456383371637,0,-1.117593520056843
2026-03-29 16:15:00,49.5684561008,0,0,0,0.4627795482496964,0,-1.1220900913935123
2026-03-29 16:20:00,49.6205493078,0,0,0,0.4534607967125294,0,-1.1208680459402767
2026-03-29 16:25:00,49.5427909773,0,0,0,0.4592966270801917,0,-1.1237981508397865
2026-03-29 16:30:00,49.6605517196,0,0,0,0.46157081178853837,0,-1.1207008542998247
2026-03-29 16:35:00,49.5979466206,0,0,0,0.45658672014388624,0,-1.123194102799749
2026-03-29 16:40:00,49.5681064109,0,0,0,0.4553798259242063,0,-1.12129899194622
2026-03-29 16:45:00,49.5580607721,0,0,0,0.45346530547462655,0,-1.1188532404182416
2026-03-29 16:50:00,49.7552753114,0,0,0,0.45748382370292917,0,-1.1120368383863926
2026-03-29 16:55:00,49.5731292303,0,0,0,0.4482271673718329,0,-1.1061622797115007
2026-03-29 17:00:00,49.5688375808,0,0,0,0.43264919968125143,0,-1.1036278098251864
2026-03-29 17:05:00,49.570003214,0,0,0,0.43327011181915,0,-1.1034770126221427
2026-03-29 17:10:00,49.5508868295999,0,0,0,0.4345177258714013,0,-1.1030998885505128
2026-03-29 17:15:00,49.5685832608,0,0,0,0.43532721206596514,0,-1.1025792097286844
2026-03-29 17:20:00,49.5283371257,0,0,0,0.4352320306639527,0,-1.1034115259595152
2026-03-29 17:25:00,49.5089452280999,0,0,0,0.4326319151511169,0,-1.1032572662857099
2026-03-29 17:30:00,49.5931357345,0,0,0,0.4408706659860273,0,-1.1014570662929286
2026-03-29 17:35:00,49.5841497622,0,0,0,0.4336801793617592,0,-1.1028366934699223
2026-03-29 17:40:00,49.5583150921,0,0,0,0.4354148180861219,0,-1.1029739483851335
2026-03-29 17:45:00,49.5971624673,0,0,0,0.4341875498850945,0,-1.1021074883542172
2026-03-29 17:50:00,49.5814370159,0,0,0,0.4425266456712918,0,-1.0997650630737423
2026-03-29 17:55:00,49.5762022631999,0,0,0,0.44227073092564373,0,-1.0995739706116612
2026-03-29 18:00:00,49.613449542,0,0,0,0.44259518244457535,0,-1.0993214498873833
2026-03-29 18:05:00,49.4967484662,0,0,0,0.445054194438944,0,-1.1015523909115323
2026-03-29 18:10:00,49.6312413432,0,0,0,0.4493765779724378,0,-1.0985920203164599
2026-03-29 18:15:00,49.5344514016,0,0,0,0.44211643199027634,0,-1.101890240794141
2026-03-29 18:20:00,49.5676083676,0,0,0,0.4377178591869721,0,-1.1000369300090593
2026-03-29 18:25:00,49.5660718511,0,0,0,0.44040767077743503,0,-1.1001187061551625
2026-03-29 18:30:00,49.6020157401,0,0,0,0.4396872328801091,0,-1.0996690104431808
2026-03-29 18:35:00,49.5550513191,0,0,0,0.44143947780434944,0,-1.1007151588233541
2026-03-29 18:40:00,49.5699820206,0,0,0,0.43999159525797316,0,-1.0998319076515932
2026-03-29 18:45:00,49.5932840878,0,0,0,0.44023842045775724,0,-1.0997222892535539
2026-03-29 18:50:00,49.7789058752,0,0,0,0.4493876354479228,0,-1.1002432576767303
2026-03-29 18:55:00,49.5466163735,0,0,0,0.4523333822645823,0,-1.1054176112027756
2026-03-29 19:00:00,49.5976711073,0,0,0,0.43349106028192547,0,-1.1021992415318738
2026-03-29 19:05:00,49.62825308355,0,0,0,0.43441246533252,0,-1.1021530916776245
2026-03-29 19:10:00,49.5663155744,0,0,0,0.4366159831761339,0,-1.103190856836892
2026-03-29 19:15:00,49.6143820486,0,0,0,0.4345850222549231,0,-1.1015346181333865
2026-03-29 19:20:00,49.6346322761,0,0,0,0.43383813775845925,0,-1.101999201119981
2026-03-29 19:25:00,49.6076001827,0,0,0,0.4343735306569764,0,-1.1024723221506798
2026-03-29 19:30:00,49.6609120062,0,0,0,0.433544973491684,0,-1.1015550726416976
2026-03-29 19:35:00,49.635585976,0,0,0,0.43445776321721935,0,-1.1024359984538707
2026-03-29 19:40:00,49.6759804644,0,0,0,0.43353803200953267,0,-1.101552512877739
2026-03-29 19:45:00,49.5869048952,0,0,0,0.43840830010259946,0,-1.1030837038258345
2026-03-29 19:50:00,49.6037641899,0,0,0,0.4388464797034411,0,-1.0996370707429124
2026-03-29 19:55:00,49.6029800365999,0,0,0,0.44176024036614336,0,-1.099338915899502
2026-03-29 20:00:00,49.640969082,0,0,0,0.44147442719749797,0,-1.0988294615379737
2026-03-29 20:05:00,49.6733312980999,0,0,0,0.4396072696655808,0,-1.0992912390760987
2026-03-29 20:10:00,49.6445931416,0,0,0,0.4424109951064473,0,-1.0996331656640068
2026-03-29 20:15:00,49.5953716309,0,0,0,0.44264327368030765,0,-1.0998673875977039
2026-03-29 20:20:00,49.6585595464999,0,0,0,0.43990480257023834,0,-1.0984555254711124
2026-03-29 20:25:00,49.6288676900999,0,0,0,0.4424109951064473,0,-1.0996623847093518
2026-03-29 20:30:00,49.6808019471999,0,0,0,0.4396072696655808,0,-1.0987471706475682
2026-03-29 20:35:00,50.0143001999,0,0,0,0.46307171666478486,0,-1.100795864116449
2026-03-29 20:40:00,49.8977262841,0,0,0,0.4449996153831749,0,-1.1100894613187096
2026-03-29 20:45:00,49.8454317405,0,0,0,0.44060712655171463,0,-1.109573251994999
2026-03-29 20:50:00,49.8595994820999,0,0,0,0.4400118749251304,0,-1.1089298273836747
2026-03-29 20:55:00,49.8184208404,0,0,0,0.4397987352909843,0,-1.1093089728238863
2026-03-29 21:00:00,49.8282969326,0,0,0,0.4393349889213041,0,-1.1084318502266377
2026-03-29 21:05:00,49.7595881542,0,0,0,0.4426411195615158,0,-1.109071907360089
2026-03-29 21:10:00,49.8122641777999,0,0,0,0.43849190221418094,0,-1.107008200300272
2026-03-29 21:15:00,49.6976718384,0,0,0,0.4440541095041382,0,-1.1080335575227775
2026-03-29 21:20:00,49.7198188691,0,0,0,0.43748304957886536,0,-1.1058506774585908
2026-03-29 21:25:00,49.7591113043,0,0,0,0.43545089355000643,0,-1.1045977908631177
2026-03-29 21:30:00,49.7401432733,0,0,0,0.43488771722579056,0,-1.1048923265615433
2026-03-29 21:35:00,49.9774238044,0,0,0,0.44929266088523123,0,-1.1002305687051581
2026-03-29 21:40:00,49.742336783,0,0,0,0.45277268758121664,0,-1.1062052097633859
2026-03-29 21:45:00,49.7766593822,0,0,0,0.4314340204131727,0,-1.103028369329643
2026-03-29 21:50:00,49.7416056131,0,0,0,0.43418434835630854,0,-1.1037319518249653
2026-03-29 21:55:00,49.7325242709,0,0,0,0.43266537697364205,0,-1.1033386697264271
2026-03-29 22:00:00,49.7572674845,0,0,0,0.43268993082352913,0,-1.102706915947194
2026-03-29 22:05:00,49.7845750912,0,0,0,0.43298278196776047,0,-1.102725829447326
2026-03-29 22:10:00,49.8348668651,0,0,0,0.43327583131811254,0,-1.102600536188038
2026-03-29 22:15:00,49.7848929912,0,0,0,0.43395254914767295,0,-1.1036058245483853
2026-03-29 22:20:00,49.9002165005,0,0,0,0.442590987820604,0,-1.1017962671408372
2026-03-29 22:25:00,49.838098848,0,0,0,0.43487690900692855,0,-1.1043715719954643
2026-03-29 22:30:00,49.8335104919,0,0,0,0.43268770833393233,0,-1.1034256083571505
2026-03-29 22:35:00,49.82447153635,0,0,0,0.4351972442690465,0,-1.1015201002367327
2026-03-29 22:40:00,49.8149875208,0,0,0,0.4365347774095984,0,-1.101272685979116
2026-03-29 22:45:00,49.8332773653,0,0,0,0.43715742286159964,0,-1.100923561172312
2026-03-29 22:50:00,49.8242701997,0,0,0,0.4370432427186942,0,-1.1008941516534656
2026-03-29 22:55:00,49.8748480836,0,0,0,0.437651703491238,0,-1.0996939905661416
2026-03-29 23:00:00,49.8529871629,0,0,0,0.4409298951930865,0,-1.1002124103349797
2026-03-29 23:05:00,49.8636897949,0,0,0,0.4429293431003387,0,-1.099527457579323
2026-03-29 23:10:00,49.8440965606,0,0,0,0.4421057208261755,0,-1.0999114692005927
2026-03-29 23:15:00,50.1106768715,0,0,0,0.45691490305269494,0,-1.0996593582915422
2026-03-29 23:20:00,49.8473815268999,0,0,0,0.45766740622910573,0,-1.1066770182859966
2026-03-29 23:25:00,49.8463536504,0,0,0,0.43248847758399334,0,-1.1040223787321508
2026-03-29 23:30:00,49.8367742649,0,0,0,0.4324534740488154,0,-1.1041040850576962
2026-03-29 23:35:00,49.6993779016,0,0,0,0.4458128518258303,0,-1.1063558037122827
2026-03-29 23:40:00,49.6512266541,0,0,0,0.43882848544255865,0,-1.106552239580637
2026-03-29 23:45:00,49.7169365761,0,0,0,0.4368823295678103,0,-1.10547007520159
2026-03-29 23:50:00,49.6860578932,0,0,0,0.4391211336211534,0,-1.1074105793546303
2026-03-29 23:55:00,49.652339304,0,0,0,0.4386082297832433,0,-1.1079102778007146
2026-03-30 00:00:00,49.668806522,0,0,0,0.43684279771743234,0,-1.1075137098099284
2026-03-30 00:05:00,49.6480582511,0,0,0,0.4373588640351316,0,-1.1081739953525498
2026-03-30 00:10:00,49.6897985161,0,0,0,0.4368889253583353,0,-1.107250124047432
2026-03-30 00:15:00,49.7091586237,0,0,0,0.43086650101595314,0,-1.102594672541216
2026-03-30 00:20:00,49.6596933896999,0,0,0,0.43267335783033645,0,-1.1025457054593988
2026-03-30 00:25:00,49.6721338749,0,0,0,0.4339785942579482,0,-1.1002516201601287
2026-03-30 00:30:00,49.6310929899,0,0,0,0.44140705999171753,0,-1.0986686369526821
2026-03-30 00:35:00,49.6283060669,0,0,0,0.4398951816761826,0,-1.0982253047086084
2026-03-30 00:40:00,49.6328520363,0,0,0,0.4406528495883071,0,-1.0982111239429135
2026-03-30 00:45:00,49.7460138259,0,0,0,0.4476676612291599,0,-1.0971585018877825
2026-03-30 00:50:00,49.6964850119,0,0,0,0.43813976272708216,0,-1.0995619358729107
2026-03-30 00:55:00,49.6424102285,0,0,0,0.43991792020924997,0,-1.0994948693818694
2026-03-30 01:00:00,49.6642393592,0,0,0,0.43786636497432735,0,-1.0984494784459975
2026-03-30 01:05:00,49.7247993018,0,0,0,0.43518188915612344,0,-1.0982127228073046
2026-03-30 01:10:00,49.693125869,0,0,0,0.4358101447793228,0,-1.099482091244037
2026-03-30 01:15:00,49.6755777911,0,0,0,0.4369975641556505,0,-1.0990787448168808
2026-03-30 01:20:00,49.6573515267,0,0,0,0.4369975641556505,0,-1.0990031355142422
2026-03-30 01:25:00,49.654299687,0,0,0,0.43705888744530624,0,-1.0987741106897289
2026-03-30 01:30:00,49.6706715351,0,0,0,0.4376208696972428,0,-1.0983208621382108
2026-03-30 01:35:00,49.7129416331999,0,0,0,0.43787354301629977,0,-1.097889485541913
2026-03-30 01:40:00,49.6946941755,0,0,0,0.43755255277111244,0,-1.0984165711108864
2026-03-30 01:45:00,49.7217898488,0,0,0,0.4402845822105948,0,-1.0974634719768692
2026-03-30 01:50:00,49.8523619596,0,0,0,0.44374001542085945,0,-1.0984842182689465
2026-03-30 01:55:00,49.6922675391,0,0,0,0.4467554020167189,0,-1.1019094176923867
2026-03-30 02:00:00,49.4636868702,0,0,0,0.4541990310907573,0,-1.1046768969481453
2026-03-30 02:05:00,49.4289827911,0,0,0,0.43694772854964764,0,-1.1046179985358855
2026-03-30 02:10:00,49.4587912108,0,0,0,0.43638147280090406,0,-1.1048015108320535
2026-03-30 02:15:00,49.4500595586,0,0,0,0.43599409531031147,0,-1.106167963198063
2026-03-30 02:20:00,49.4514689151,0,0,0,0.4371317679209278,0,-1.1065977150952582
2026-03-30 02:25:00,49.4564493478,0,0,0,0.4375530932923499,0,-1.1068974742934399
2026-03-30 02:30:00,49.413214953,0,0,0,0.4397544905242313,0,-1.1077810943928588
2026-03-30 02:35:00,49.5124209343,0,0,0,0.44639858036297947,0,-1.105287481471056
2026-03-30 02:40:00,49.4196471289,0,0,0,0.44660731962877626,0,-1.1074721312276496
2026-03-30 02:45:00,49.4841596276999,0,0,0,0.4380329249336039,0,-1.1042606001310307
2026-03-30 02:50:00,49.4524120183,0,0,0,0.4362734525747972,0,-1.1007077410461354
2026-03-30 02:55:00,49.3986445381,0,0,0,0.4436093423440966,0,-1.097076432130652
2026-03-30 03:00:00,49.4497204653,0,0,0,0.4417512624435469,0,-1.09565063554537
2026-03-30 03:05:00,49.4484806554,0,0,0,0.44212297352623764,0,-1.0963848804098921
2026-03-30 03:10:00,49.4644604268,0,0,0,0.44205705359372677,0,-1.096170223228971
2026-03-30 03:15:00,49.4395900532,0,0,0,0.44359115257366544,0,-1.0966775106822164
2026-03-30 03:20:00,49.4480885788,0,0,0,0.44224978822304256,0,-1.096193044236664
2026-03-30 03:25:00,49.4483428988,0,0,0,0.44212297352623764,0,-1.0962849415596796
2026-03-30 03:30:00,49.4553155046,0,0,0,0.44224978822304256,0,-1.0960127357195937
2026-03-30 03:35:00,49.514932344,0,0,0,0.4420502464352151,0,-1.095401940124778
2026-03-30 03:40:00,49.8633930883,0,0,0,0.46617809740641936,0,-1.098211296775182
2026-03-30 03:45:00,49.7888137574,0,0,0,0.441828882855167,0,-1.108339967915398
2026-03-30 03:50:00,49.8884330086,0,0,0,0.44894566182238327,0,-1.108814607034948
2026-03-30 03:55:00,49.6724517748,0,0,0,0.46406319189796863,0,-1.1120107277161733
2026-03-30 04:00:00,49.7082791005,0,0,0,0.44046711690618356,0,-1.1091951499521544
2026-03-30 04:05:00,49.6208672078,0,0,0,0.44646147361418737,0,-1.11018108037861
2026-03-30 04:10:00,49.65772241,0,0,0,0.4374404814881927,0,-1.1081364284156088
2026-03-30 04:15:00,49.5955729675,0,0,0,0.43996271089528627,0,-1.1085492792040854
2026-03-30 04:20:00,49.7029383811,0,0,0,0.4447484168461862,0,-1.1053754162533937
2026-03-30 04:25:00,49.687456653,0,0,0,0.4362934620086594,0,-1.1059963681732907
2026-03-30 04:30:00,49.6860472965,0,0,0,0.435640657353247,0,-1.1040450761494078
2026-03-30 04:35:00,49.6675985021,0,0,0,0.4323749408452477,0,-1.1029100462822057
2026-03-30 04:40:00,49.6943444855,0,0,0,0.4305684508845312,0,-1.101126817531961
2026-03-30 04:45:00,49.7396240367,0,0,0,0.4315836832748058,0,-1.1005777738372604
2026-03-30 04:50:00,49.6938888289,0,0,0,0.43612351323119236,0,-1.0988413601710643
2026-03-30 04:55:00,49.7171273161,0,0,0,0.4354327213726183,0,-1.0980704959438898
2026-03-30 05:00:00,49.3489567742,0,0,0,0.47018145587217913,0,-1.1058052870797006
2026-03-30 05:05:00,49.2542331824,0,0,0,0.4494144549238502,0,-1.1075556824288988
2026-03-30 05:10:00,49.3408185352,0,0,0,0.44582538207459627,0,-1.1066300057857215
2026-03-30 05:15:00,49.2552928489,0,0,0,0.45525142177607086,0,-1.1107966362108361
2026-03-30 05:20:00,49.440702703,0,0,0,0.46078564946697614,0,-1.1067760691001944
2026-03-30 05:25:00,49.2766239363,0,0,0,0.46864189854159044,0,-1.1119976467276813
2026-03-30 05:30:00,49.4259203548,0,0,0,0.4588177568679329,0,-1.1073491308903536
2026-03-30 05:35:00,49.3146765617,0,0,0,0.45999378383935563,0,-1.1106089893616524
2026-03-30 05:40:00,49.3294801032,0,0,0,0.4493775620340196,0,-1.107897794072751
2026-03-30 05:45:00,50.0203720892,0,0,0,0.49649821188836674,0,-1.0967212616623772
2026-03-30 05:50:00,49.6423466485,0,0,0,0.4870766076124308,0,-1.1161222587402448
2026-03-30 05:55:00,49.5115414111,0,0,0,0.4630290866150995,0,-1.1129717236120775
2026-03-30 06:00:00,49.6305313666,0,0,0,0.4614148172822581,0,-1.1102078248108829
2026-03-30 06:05:00,49.6045377464,0,0,0,0.4526919941082171,0,-1.1120755845076664
2026-03-30 06:10:00,49.6805264339,0,0,0,0.4552220983667415,0,-1.1109370945805945
2026-03-30 06:15:00,49.6508769641,0,0,0,0.45277977893619115,0,-1.1115465333834598
2026-03-30 06:20:00,49.6723987915,0,0,0,0.45115392038223234,0,-1.1109141573251669
2026-03-30 06:25:00,49.6579873266,0,0,0,0.4479515802273535,0,-1.1098852309450278
2026-03-30 06:30:00,49.6950438654,0,0,0,0.44575407811387835,0,-1.1087593494229935
2026-03-30 06:35:00,49.6705973583999,0,0,0,0.44359307944887405,0,-1.107464678638018
2026-03-30 06:40:00,49.7017621513,0,0,0,0.4397691959692821,0,-1.1037404821853398
2026-03-30 06:45:00,49.6446143349,0,0,0,0.44209784678991143,0,-1.0988983141071975
2026-03-30 06:50:00,49.7068273573,0,0,0,0.4390560186828408,0,-1.0975150248968646
2026-03-30 06:55:00,49.5934960210999,0,0,0,0.44975377026262653,0,-1.0980829252870465
2026-03-30 07:00:00,49.3494548174999,0,0,0,0.46218847443466504,0,-1.1035437785896414
2026-03-30 07:05:00,49.2670763407999,0,0,0,0.4522589321744685,0,-1.1054429109110944
2026-03-30 07:10:00,49.3837774166,0,0,0,0.45400318030728265,0,-1.1035702015752422
2026-03-30 07:15:00,49.3087954124,0,0,0,0.45245326906474576,0,-1.107469395528939
2026-03-30 07:20:00,49.3224863040999,0,0,0,0.4496504394416079,0,-1.1067264129915693
2026-03-30 07:25:00,49.3214478309,0,0,0,0.449717491706424,0,-1.1070650461601708
2026-03-30 07:30:00,49.2989299169,0,0,0,0.450686059615271,0,-1.106851126096303
2026-03-30 07:35:00,49.3230373307,0,0,0,0.4493904049804835,0,-1.105389437257604
2026-03-30 07:40:00,49.3058495394,0,0,0,0.44746158251006357,0,-1.1042325230362346
2026-03-30 07:45:00,49.3224121274,0,0,0,0.4455781408142923,0,-1.1020413478602578
2026-03-30 07:50:00,49.2927096744,0,0,0,0.44366883660664025,0,-1.0983671814309974
2026-03-30 07:55:00,49.2771749629,0,0,0,0.44943854862170585,0,-1.0933980339789546
2026-03-30 08:00:00,49.3189470178,0,0,0,0.45091551634192767,0,-1.0923985292234302
2026-03-30 08:05:00,49.2794426492999,0,0,0,0.45347860599790596,0,-1.093227474146765
2026-03-30 08:10:00,49.3985597648,0,0,0,0.4563260860324348,0,-1.0913106693306942
2026-03-30 08:15:00,49.3397376753,0,0,0,0.44800125081152264,0,-1.093878386547819
2026-03-30 08:20:00,49.4010075945,0,0,0,0.44224267232381476,0,-1.0929517686029089
2026-03-30 08:25:00,49.3838409966,0,0,0,0.4418593968342222,0,-1.094324747800802
2026-03-30 08:30:00,49.3889697827,0,0,0,0.4428841723324429,0,-1.0941301371746879
2026-03-30 08:35:00,49.3027659098,0,0,0,0.4506888467933038,0,-1.0950387829145796
2026-03-30 08:40:00,49.4048117974,0,0,0,0.4494159812646798,0,-1.09275961980507
2026-03-30 08:45:00,49.3165309781,0,0,0,0.4480864329904024,0,-1.0952163970873705
2026-03-30 08:50:00,49.4691971362,0,0,0,0.45475350161047645,0,-1.092670297990124
2026-03-30 08:55:00,49.2089006479,0,0,0,0.4695597253728591,0,-1.0979204718090159
2026-03-30 09:00:00,49.2125459007999,0,0,0,0.4447133593880228,0,-1.0958327555162635
2026-03-30 09:05:00,49.1758178586,0,0,0,0.44644044289607593,0,-1.097122977135903
2026-03-30 09:10:00,49.2146652339,0,0,0,0.44574883397687726,0,-1.0962638742925173
2026-03-30 09:15:00,49.2206417531,0,0,0,0.4472563618064689,0,-1.0969594333262853
2026-03-30 09:20:00,49.1924334299,0,0,0,0.4488714849828211,0,-1.097222237657485
2026-03-30 09:25:00,49.1987490425,0,0,0,0.4469538566197164,0,-1.0964665099053785
2026-03-30 09:30:00,49.1566908776,0,0,0,0.4518693168160945,0,-1.0966761771506528
2026-03-30 09:35:00,49.1937792064,0,0,0,0.44803545830003716,0,-1.0955305459099054
2026-03-30 09:40:00,49.2935468109,0,0,0,0.4550703676532128,0,-1.0937373500185954
2026-03-30 09:45:00,49.1602937438,0,0,0,0.45881101366197763,0,-1.0963011738162864
2026-03-30 09:50:00,49.2494540863,0,0,0,0.4612013027269373,0,-1.089384049392653
2026-03-30 09:55:00,49.1882901337,0,0,0,0.4548732131276245,0,-1.0913573745906093
2026-03-30 10:00:00,49.232425245,0,0,0,0.4497582156224595,0,-1.0899505349345813
2026-03-30 10:05:00,49.2307297786,0,0,0,0.4514093710932679,0,-1.0905027070017919
2026-03-30 10:10:00,49.2172402235,0,0,0,0.45104076303444746,0,-1.0905160667863911
2026-03-30 10:15:00,49.2453637735,0,0,0,0.4503220280847238,0,-1.08999485365534
2026-03-30 10:20:00,49.2921056644,0,0,0,0.44915002670000215,0,-1.0902416396831438
2026-03-30 10:25:00,49.3528775403999,0,0,0,0.4431642911162007,0,-1.0912539765889273
2026-03-30 10:30:00,49.3818806135,0,0,0,0.44350217037199713,0,-1.092535033969724
2026-03-30 10:35:00,49.4576891576,0,0,0,0.4445351523722423,0,-1.0936297926679648
2026-03-30 10:40:00,50.172540204,0,0,0,0.5027889168572037,0,-1.0933471444345884
2026-03-30 10:45:00,49.4634007603,0,0,0,0.5049871965040873,0,-1.1117917191767428
2026-03-30 10:50:00,49.5414981841,0,0,0,0.4647563736922243,0,-1.1086638974599228
2026-03-30 10:55:00,49.6893534561,0,0,0,0.4707384367316558,0,-1.1081551790235038
2026-03-30 11:00:00,49.5316750753,0,0,0,0.47500337342393084,0,-1.1115530705716619
2026-03-30 11:05:00,49.5531333227,0,0,0,0.46005783322039057,0,-1.108659065401453
2026-03-30 11:10:00,49.5080021248,0,0,0,0.45919718151276123,0,-1.1082992492458859
2026-03-30 11:15:00,49.4286436978,0,0,0,0.4591098032254009,0,-1.1074040965633691
2026-03-30 11:20:00,49.5168185504,0,0,0,0.45907542409359336,0,-1.1041928361939364
2026-03-30 11:25:00,49.5006374424,0,0,0,0.4529567894902903,0,-1.1051045169438722
2026-03-30 11:30:00,49.4528252881999,0,0,0,0.4536587429867043,0,-1.1049459144297116
2026-03-30 11:35:00,49.4338360639,0,0,0,0.45265985192260816,0,-1.1045068400580151
2026-03-30 11:40:00,49.4460116324,0,0,0,0.4406732992631022,0,-1.0931848187972681
2026-03-30 11:45:00,49.3658160688,0,0,0,0.4450465998760747,0,-1.0949185919881717
2026-03-30 11:50:00,49.8065525752,0,0,0,0.47676131630517343,0,-1.088898989829362
2026-03-30 11:55:00,49.6115421422,0,0,0,0.46519372795128383,0,-1.099325220689442
2026-03-30 12:00:00,49.5605509885,0,0,0,0.44567193653251325,0,-1.097671332068595
2026-03-30 12:05:00,49.5610596284,0,0,0,0.44397592322623847,0,-1.0969189809988007
2026-03-30 12:10:00,49.6159079684,0,0,0,0.44360265429204415,0,-1.0964756230509443
2026-03-30 12:15:00,49.6396762888,0,0,0,0.4442448802873513,0,-1.0970179983905568
2026-03-30 12:20:00,49.5466905500999,0,0,0,0.4518487542054717,0,-1.0982417665424171
2026-03-30 12:25:00,49.6152191851,0,0,0,0.4427995273053803,0,-1.0961662372480099
2026-03-30 12:30:00,49.3595110529,0,0,0,0.47498674896040793,0,-1.099880599564467
2026-03-30 12:35:00,49.5347693016,0,0,0,0.45921491036866285,0,-1.0942010054144362
2026-03-30 12:40:00,49.7360529604,0,0,0,0.4581938742963324,0,-1.0946516035094565
2026-03-30 12:45:00,49.6464263647,0,0,0,0.4492179241120564,0,-1.097641746360748
2026-03-30 12:50:00,49.6752916812,0,0,0,0.44077923964712784,0,-1.094622842865089
2026-03-30 12:55:00,49.4182801591,0,0,0,0.47202116028613395,0,-1.0979261477714681
2026-03-30 13:00:00,49.3653498155,0,0,0,0.44799323419168535,0,-1.0969816129811696
2026-03-30 13:05:00,49.3304761897999,0,0,0,0.4507975513062391,0,-1.0978351579673769
2026-03-30 13:10:00,49.3661763554,0,0,0,0.44808761629238414,0,-1.0972700632996708
2026-03-30 13:15:00,49.3281555201,0,0,0,0.45138171610290007,0,-1.0984134135431805
2026-03-30 13:20:00,49.3560777333,0,0,0,0.44864933450780864,0,-1.0977195045609158
2026-03-30 13:25:00,49.3907288291,0,0,0,0.44808761629238414,0,-1.0972202667520405
2026-03-30 13:30:00,49.3771545008,0,0,0,0.44699495866343864,0,-1.097728299973697
2026-03-30 13:35:00,49.6125594221,0,0,0,0.46240471212515416,0,-1.0943184229514789
2026-03-30 13:40:00,49.6182286381,0,0,0,0.4450897244249265,0,-1.0971548368090978
2026-03-30 13:45:00,50.7005720397999,0,0,0,0.5246377988198575,0,-1.0844914497111409
2026-03-30 13:50:00,52.0926771638,0,0,0,0.5407562268614801,0,-1.0968724015554516
2026-03-30 13:55:00,53.6427361819,0,0,0,0.5496578664921119,0,-1.1095422327622941
2026-03-30 14:00:00,54.7507447071,0,0,0,0.5496938692240181,0,-1.141527212468958
2026-03-30 14:05:00,56.4393657218,0,0,0,0.5625854194530043,0,-1.1097736321575482
2026-03-30 14:10:00,58.1167436744,0,0,0,0.5649870338182218,0,-1.0983000659123168
2026-03-30 14:15:00,59.6111701993,0,0,0,0.5548817841467871,0,-1.0892832004413178
2026-03-30 14:20:00,61.027923167,0,0,0,0.5609216151866411,0,-1.074261491709669
2026-03-30 14:25:00,62.5425681294,0,0,0,0.5553208060471184,0,-1.0558696412572177
2026-03-30 14:30:00,64.4492579208,0,0,0,0.5700928608522595,0,-1.03129854818235
2026-03-30 14:35:00,65.3933678226,0,0,0,0.5604225263916205,0,-1.0467954198922644
2026-03-30 14:40:00,66.5278680113,0,0,0,0.5597075813708124,0,-1.0537076576622282
2026-03-30 14:45:00,68.3894689915,0,0,0,0.5773767809350122,0,-1.050514783102605
2026-03-30 14:50:00,71.4551054787,0,0,0,0.5930634097442201,0,-1.0169877163122816
2026-03-30 14:55:00,71.6359269767,0,0,0,0.5721815712137778,0,-1.03950970044568
2026-03-30 15:00:00,72.3140923675,0,0,0,0.5756981609937968,0,-1.065611483061979
2026-03-30 15:05:00,73.6740789988,0,0,0,0.58273931568225,0,-1.0836386435256826
2026-03-30 15:10:00,74.6681203878,0,0,0,0.5783006887781065,0,-1.0858584512437335
2026-03-30 15:15:00,75.4285900787,0,0,0,0.5860031896735813,0,-1.0874937357197079
2026-03-30 15:20:00,77.2449009111,0,0,0,0.5887555722919354,0,-1.1050986571640053
2026-03-30 15:25:00,78.3901461185,0,0,0,0.5844838097908287,0,-1.0964252766918774
2026-03-30 15:30:00,80.1453141916,0,0,0,0.587356768402192,0,-1.1051595650724073
2026-03-30 15:35:00,80.9663226318,0,0,0,0.5806079772647298,0,-1.0873721037428932
2026-03-30 15:40:00,82.0155514541,0,0,0,0.5768507865566287,0,-1.0901818771826837
2026-03-30 15:45:00,62.72970524,0,0,0,0.6624157791128631,1,-0.9440134524311863
2026-03-30 15:50:00,63.4386645404,0,0,0,0.5848007997494624,1,-1.0053943159809913
2026-03-30 15:55:00,64.8760492155999,0,0,0,0.5881048337464051,0,-1.0287372159532868
2026-03-30 16:00:00,66.0241449259,0,0,0,0.5841817578079349,0,-1.044648144696776
2026-03-30 16:05:00,67.6564340674,0,0,0,0.584857106683475,0,-1.0602583542385555
2026-03-30 16:10:00,68.766519539,0,0,0,0.5900132324083618,0,-1.075266372030421
2026-03-30 16:15:00,69.989014437,0,0,0,0.587870122793782,0,-1.090540288876126
2026-03-30 16:20:00,71.3497110448,0,0,0,0.5874470415165793,0,-1.1117862446575493
2026-03-30 16:25:00,72.2793670951,0,0,0,0.5872063368015775,0,-1.1312435658108753
2026-03-30 16:30:00,73.4457632465,0,0,0,0.5876926616151964,0,-1.1605402781413012
2026-03-30 16:35:00,74.6333421321,0,0,0,0.578442986809229,0,-1.1763810056177941
2026-03-30 16:40:00,75.8399950153,0,0,0,0.5783154775397397,0,-1.1624330365865476
2026-03-30 16:45:00,66.8659970068,0,0,0,0.6146363591775696,1,-0.9882217533525371
2026-03-30 16:50:00,67.2538031697,0,0,0,0.5501215461750013,0,-1.1149348051526402
2026-03-30 16:55:00,68.0632612446,0,0,0,0.5631594392153384,0,-1.1073753354829494
2026-03-30 17:00:00,68.9836770025999,0,0,0,0.5621157087895228,0,-1.0989660698121122
2026-03-30 17:05:00,70.268607453,0,0,0,0.5595109662662395,0,-1.1009503795111533
2026-03-30 17:10:00,71.328676664,0,0,0,0.5628730713169572,0,-1.1025613324935861
2026-03-30 17:15:00,73.4235738292,0,0,0,0.570983925717252,0,-1.1217632815752074
2026-03-30 17:20:00,74.8706756464999,0,0,0,0.5658508170510108,0,-1.1425912598855967
2026-03-30 17:25:00,70.4679095354,0,0,0,0.5870892284577434,0,-1.0131438702394375
2026-03-30 17:30:00,71.2811082332,0,0,0,0.5606638758902852,0,-1.1260441776575831
2026-03-30 17:35:00,70.9908337784999,0,0,0,0.5532209940842514,0,-1.0935118031794573
2026-03-30 17:40:00,72.3468148702,0,0,0,0.5627054010186616,0,-1.091889576674742
2026-03-30 17:45:00,72.7334236098,0,0,0,0.5641563502683818,0,-1.0647465352386378
2026-03-30 17:50:00,78.9952898882,0,0,0,0.604483750495353,1,-0.9658382362156814
2026-03-30 17:55:00,79.0527873945,0,0,0,0.5569073600973187,0,-1.1471294265448464
2026-03-30 18:00:00,79.1206590363,0,0,0,0.5583535103784453,0,-1.168307982712721
2026-03-30 18:05:00,69.9237601716,0,0,0,0.6129272850386195,0,-1.0622970055818501
2026-03-30 18:10:00,71.1609314511,0,0,0,0.5545953756974058,0,-1.1678539476294763
2026-03-30 18:15:00,71.8207646108,0,0,0,0.5500468505571768,0,-1.1750657749403786
2026-03-30 18:20:00,72.6904541317,0,0,0,0.5532302359654967,0,-1.188154712711479
2026-03-30 18:25:00,73.7933126776,0,0,0,0.5535385276594482,0,-1.1940683913602772
2026-03-30 18:30:00,74.9496419969,0,0,0,0.5589752526925921,0,-1.2005485386251258
2026-03-30 18:35:00,75.5325857527,0,0,0,0.5581528707684899,0,-1.1912159938512217
2026-03-30 18:40:00,76.4587131134,0,0,0,0.5596354662656507,0,-1.204021682646271
2026-03-30 18:45:00,77.1624694511,0,0,0,0.5605172670738494,0,-1.207360355620979
2026-03-30 18:50:00,78.2554625014999,0,0,0,0.5534136742373579,0,-1.2156322146819019
2026-03-30 18:55:00,70.9528447331,0,0,0,0.5965366119087611,0,-1.0653156456953665
2026-03-30 19:00:00,71.8161762547,0,0,0,0.536833873984109,0,-1.1457696950865701
2026-03-30 19:05:00,72.9798702565,0,0,0,0.5411845053410241,0,-1.140262561343516
2026-03-30 19:10:00,75.5141687483,0,0,0,0.5612241055086932,0,-1.14615547031682
2026-03-30 19:15:00,75.6141694793999,0,0,0,0.5440096278111545,0,-1.1326809482716818
2026-03-30 19:20:00,78.5902323541,0,0,0,0.5632315457641971,0,-1.1694997493477812
2026-03-30 19:25:00,78.5295134615,0,0,0,0.5371067673752312,0,-1.1770282464215807
2026-03-30 19:30:00,78.8993476798,0,0,0,0.5294479686867898,0,-1.2039305774048106
2026-03-30 19:35:00,80.1086285361,0,0,0,0.5388300649233703,0,-1.240227936081126
2026-03-30 19:40:00,81.8959362953999,0,0,0,0.5421605849218096,0,-1.2686626178408686
2026-03-30 19:45:00,82.7670351727,0,0,0,0.5293101257398389,0,-1.2729294610492226
2026-03-30 19:50:00,86.2247800688,0,0,0,0.5615977559965851,0,-1.2445660279937487
2026-03-30 19:55:00,78.0629634782,0,0,0,0.5994214635545877,0,-1.1280692549901943
2026-03-30 20:00:00,80.9979960646,0,0,0,0.5485765629465381,0,-1.2754630825897932
